[
  {
    "name": "Application Start",
    "start": 1590648245845,
    "end": 1590648246404,
    "duration": 559,
    "pid": 7868,
    "index": 0
  },
  {
    "name": "Load Plugin",
    "start": 1590648245849,
    "end": 1590648245865,
    "duration": 16,
    "pid": 7868,
    "index": 1
  },
  {
    "name": "Load Config",
    "start": 1590648245865,
    "end": 1590648245882,
    "duration": 17,
    "pid": 7868,
    "index": 2
  },
  {
    "name": "Require(0) config/config.default.js",
    "start": 1590648245865,
    "end": 1590648245866,
    "duration": 1,
    "pid": 7868,
    "index": 3
  },
  {
    "name": "Require(1) node_modules/egg-session/config/config.default.js",
    "start": 1590648245867,
    "end": 1590648245867,
    "duration": 0,
    "pid": 7868,
    "index": 4
  },
  {
    "name": "Require(2) node_modules/egg-security/config/config.default.js",
    "start": 1590648245868,
    "end": 1590648245868,
    "duration": 0,
    "pid": 7868,
    "index": 5
  },
  {
    "name": "Require(3) node_modules/egg-jsonp/config/config.default.js",
    "start": 1590648245869,
    "end": 1590648245869,
    "duration": 0,
    "pid": 7868,
    "index": 6
  },
  {
    "name": "Require(4) node_modules/egg-onerror/config/config.default.js",
    "start": 1590648245869,
    "end": 1590648245870,
    "duration": 1,
    "pid": 7868,
    "index": 7
  },
  {
    "name": "Require(5) node_modules/egg-i18n/config/config.default.js",
    "start": 1590648245870,
    "end": 1590648245870,
    "duration": 0,
    "pid": 7868,
    "index": 8
  },
  {
    "name": "Require(6) node_modules/egg-watcher/config/config.default.js",
    "start": 1590648245870,
    "end": 1590648245871,
    "duration": 1,
    "pid": 7868,
    "index": 9
  },
  {
    "name": "Require(7) node_modules/egg-schedule/config/config.default.js",
    "start": 1590648245871,
    "end": 1590648245871,
    "duration": 0,
    "pid": 7868,
    "index": 10
  },
  {
    "name": "Require(8) node_modules/egg-multipart/config/config.default.js",
    "start": 1590648245872,
    "end": 1590648245872,
    "duration": 0,
    "pid": 7868,
    "index": 11
  },
  {
    "name": "Require(9) node_modules/egg-development/config/config.default.js",
    "start": 1590648245873,
    "end": 1590648245873,
    "duration": 0,
    "pid": 7868,
    "index": 12
  },
  {
    "name": "Require(10) node_modules/egg-logrotator/config/config.default.js",
    "start": 1590648245873,
    "end": 1590648245873,
    "duration": 0,
    "pid": 7868,
    "index": 13
  },
  {
    "name": "Require(11) node_modules/egg-static/config/config.default.js",
    "start": 1590648245874,
    "end": 1590648245874,
    "duration": 0,
    "pid": 7868,
    "index": 14
  },
  {
    "name": "Require(12) node_modules/egg-view/config/config.default.js",
    "start": 1590648245874,
    "end": 1590648245874,
    "duration": 0,
    "pid": 7868,
    "index": 15
  },
  {
    "name": "Require(13) node_modules/egg-view-nunjucks/config/config.default.js",
    "start": 1590648245875,
    "end": 1590648245875,
    "duration": 0,
    "pid": 7868,
    "index": 16
  },
  {
    "name": "Require(14) node_modules/egg-mysql/config/config.default.js",
    "start": 1590648245875,
    "end": 1590648245876,
    "duration": 1,
    "pid": 7868,
    "index": 17
  },
  {
    "name": "Require(15) node_modules/egg-cors/config/config.default.js",
    "start": 1590648245876,
    "end": 1590648245876,
    "duration": 0,
    "pid": 7868,
    "index": 18
  },
  {
    "name": "Require(16) node_modules/egg/config/config.default.js",
    "start": 1590648245876,
    "end": 1590648245877,
    "duration": 1,
    "pid": 7868,
    "index": 19
  },
  {
    "name": "Require(17) config/config.default.js",
    "start": 1590648245878,
    "end": 1590648245878,
    "duration": 0,
    "pid": 7868,
    "index": 20
  },
  {
    "name": "Require(18) node_modules/egg-security/config/config.local.js",
    "start": 1590648245879,
    "end": 1590648245879,
    "duration": 0,
    "pid": 7868,
    "index": 21
  },
  {
    "name": "Require(19) node_modules/egg-watcher/config/config.local.js",
    "start": 1590648245880,
    "end": 1590648245880,
    "duration": 0,
    "pid": 7868,
    "index": 22
  },
  {
    "name": "Require(20) node_modules/egg-view/config/config.local.js",
    "start": 1590648245881,
    "end": 1590648245881,
    "duration": 0,
    "pid": 7868,
    "index": 23
  },
  {
    "name": "Require(21) node_modules/egg-view-nunjucks/config/config.local.js",
    "start": 1590648245881,
    "end": 1590648245881,
    "duration": 0,
    "pid": 7868,
    "index": 24
  },
  {
    "name": "Require(22) node_modules/egg/config/config.local.js",
    "start": 1590648245882,
    "end": 1590648245882,
    "duration": 0,
    "pid": 7868,
    "index": 25
  },
  {
    "name": "Load extend/application.js",
    "start": 1590648245883,
    "end": 1590648245936,
    "duration": 53,
    "pid": 7868,
    "index": 26
  },
  {
    "name": "Require(23) node_modules/egg-session/app/extend/application.js",
    "start": 1590648245884,
    "end": 1590648245884,
    "duration": 0,
    "pid": 7868,
    "index": 27
  },
  {
    "name": "Require(24) node_modules/egg-security/app/extend/application.js",
    "start": 1590648245884,
    "end": 1590648245885,
    "duration": 1,
    "pid": 7868,
    "index": 28
  },
  {
    "name": "Require(25) node_modules/egg-jsonp/app/extend/application.js",
    "start": 1590648245885,
    "end": 1590648245886,
    "duration": 1,
    "pid": 7868,
    "index": 29
  },
  {
    "name": "Require(26) node_modules/egg-logrotator/app/extend/application.js",
    "start": 1590648245887,
    "end": 1590648245892,
    "duration": 5,
    "pid": 7868,
    "index": 30
  },
  {
    "name": "Require(27) node_modules/egg-view/app/extend/application.js",
    "start": 1590648245892,
    "end": 1590648245893,
    "duration": 1,
    "pid": 7868,
    "index": 31
  },
  {
    "name": "Require(28) node_modules/egg-view-nunjucks/app/extend/application.js",
    "start": 1590648245894,
    "end": 1590648245933,
    "duration": 39,
    "pid": 7868,
    "index": 32
  },
  {
    "name": "Load extend/request.js",
    "start": 1590648245936,
    "end": 1590648245941,
    "duration": 5,
    "pid": 7868,
    "index": 33
  },
  {
    "name": "Require(29) node_modules/egg/app/extend/request.js",
    "start": 1590648245938,
    "end": 1590648245939,
    "duration": 1,
    "pid": 7868,
    "index": 34
  },
  {
    "name": "Load extend/response.js",
    "start": 1590648245941,
    "end": 1590648245948,
    "duration": 7,
    "pid": 7868,
    "index": 35
  },
  {
    "name": "Require(30) node_modules/egg/app/extend/response.js",
    "start": 1590648245944,
    "end": 1590648245945,
    "duration": 1,
    "pid": 7868,
    "index": 36
  },
  {
    "name": "Load extend/context.js",
    "start": 1590648245948,
    "end": 1590648246023,
    "duration": 75,
    "pid": 7868,
    "index": 37
  },
  {
    "name": "Require(31) node_modules/egg-security/app/extend/context.js",
    "start": 1590648245948,
    "end": 1590648245962,
    "duration": 14,
    "pid": 7868,
    "index": 38
  },
  {
    "name": "Require(32) node_modules/egg-jsonp/app/extend/context.js",
    "start": 1590648245962,
    "end": 1590648245963,
    "duration": 1,
    "pid": 7868,
    "index": 39
  },
  {
    "name": "Require(33) node_modules/egg-i18n/app/extend/context.js",
    "start": 1590648245963,
    "end": 1590648245964,
    "duration": 1,
    "pid": 7868,
    "index": 40
  },
  {
    "name": "Require(34) node_modules/egg-multipart/app/extend/context.js",
    "start": 1590648245964,
    "end": 1590648246016,
    "duration": 52,
    "pid": 7868,
    "index": 41
  },
  {
    "name": "Require(35) node_modules/egg-view/app/extend/context.js",
    "start": 1590648246017,
    "end": 1590648246018,
    "duration": 1,
    "pid": 7868,
    "index": 42
  },
  {
    "name": "Require(36) node_modules/egg/app/extend/context.js",
    "start": 1590648246019,
    "end": 1590648246020,
    "duration": 1,
    "pid": 7868,
    "index": 43
  },
  {
    "name": "Require(37) app/extend/context.js",
    "start": 1590648246020,
    "end": 1590648246021,
    "duration": 1,
    "pid": 7868,
    "index": 44
  },
  {
    "name": "Load extend/helper.js",
    "start": 1590648246023,
    "end": 1590648246043,
    "duration": 20,
    "pid": 7868,
    "index": 45
  },
  {
    "name": "Require(38) node_modules/egg-security/app/extend/helper.js",
    "start": 1590648246023,
    "end": 1590648246038,
    "duration": 15,
    "pid": 7868,
    "index": 46
  },
  {
    "name": "Require(39) node_modules/egg/app/extend/helper.js",
    "start": 1590648246040,
    "end": 1590648246040,
    "duration": 0,
    "pid": 7868,
    "index": 47
  },
  {
    "name": "Load app.js",
    "start": 1590648246044,
    "end": 1590648246086,
    "duration": 42,
    "pid": 7868,
    "index": 48
  },
  {
    "name": "Require(40) node_modules/egg-session/app.js",
    "start": 1590648246044,
    "end": 1590648246044,
    "duration": 0,
    "pid": 7868,
    "index": 49
  },
  {
    "name": "Require(41) node_modules/egg-security/app.js",
    "start": 1590648246047,
    "end": 1590648246048,
    "duration": 1,
    "pid": 7868,
    "index": 50
  },
  {
    "name": "Require(42) node_modules/egg-onerror/app.js",
    "start": 1590648246049,
    "end": 1590648246056,
    "duration": 7,
    "pid": 7868,
    "index": 51
  },
  {
    "name": "Require(43) node_modules/egg-i18n/app.js",
    "start": 1590648246056,
    "end": 1590648246064,
    "duration": 8,
    "pid": 7868,
    "index": 52
  },
  {
    "name": "Require(44) node_modules/egg-watcher/app.js",
    "start": 1590648246064,
    "end": 1590648246066,
    "duration": 2,
    "pid": 7868,
    "index": 53
  },
  {
    "name": "Require(45) node_modules/egg-schedule/app.js",
    "start": 1590648246067,
    "end": 1590648246068,
    "duration": 1,
    "pid": 7868,
    "index": 54
  },
  {
    "name": "Require(46) node_modules/egg-multipart/app.js",
    "start": 1590648246068,
    "end": 1590648246070,
    "duration": 2,
    "pid": 7868,
    "index": 55
  },
  {
    "name": "Require(47) node_modules/egg-development/app.js",
    "start": 1590648246070,
    "end": 1590648246070,
    "duration": 0,
    "pid": 7868,
    "index": 56
  },
  {
    "name": "Require(48) node_modules/egg-logrotator/app.js",
    "start": 1590648246070,
    "end": 1590648246070,
    "duration": 0,
    "pid": 7868,
    "index": 57
  },
  {
    "name": "Require(49) node_modules/egg-static/app.js",
    "start": 1590648246071,
    "end": 1590648246071,
    "duration": 0,
    "pid": 7868,
    "index": 58
  },
  {
    "name": "Require(50) node_modules/egg-view-nunjucks/app.js",
    "start": 1590648246072,
    "end": 1590648246072,
    "duration": 0,
    "pid": 7868,
    "index": 59
  },
  {
    "name": "Require(51) node_modules/egg-mysql/app.js",
    "start": 1590648246072,
    "end": 1590648246085,
    "duration": 13,
    "pid": 7868,
    "index": 60
  },
  {
    "name": "Require(52) node_modules/egg-cors/app.js",
    "start": 1590648246085,
    "end": 1590648246086,
    "duration": 1,
    "pid": 7868,
    "index": 61
  },
  {
    "name": "Before Start in node_modules/egg-watcher/lib/init.js:15:14",
    "start": 1590648246102,
    "end": 1590648246289,
    "duration": 187,
    "pid": 7868,
    "index": 62
  },
  {
    "name": "Before Start in node_modules/egg-mysql/lib/mysql.js:20:7",
    "start": 1590648246194,
    "end": 1590648246404,
    "duration": 210,
    "pid": 7868,
    "index": 63
  },
  {
    "name": "Load Service",
    "start": 1590648246195,
    "end": 1590648246201,
    "duration": 6,
    "pid": 7868,
    "index": 64
  },
  {
    "name": "Load \"service\" to Context",
    "start": 1590648246195,
    "end": 1590648246201,
    "duration": 6,
    "pid": 7868,
    "index": 65
  },
  {
    "name": "Load Middleware",
    "start": 1590648246201,
    "end": 1590648246258,
    "duration": 57,
    "pid": 7868,
    "index": 66
  },
  {
    "name": "Load \"middlewares\" to Application",
    "start": 1590648246201,
    "end": 1590648246250,
    "duration": 49,
    "pid": 7868,
    "index": 67
  },
  {
    "name": "Load Controller",
    "start": 1590648246258,
    "end": 1590648246264,
    "duration": 6,
    "pid": 7868,
    "index": 68
  },
  {
    "name": "Load \"controller\" to Application",
    "start": 1590648246258,
    "end": 1590648246264,
    "duration": 6,
    "pid": 7868,
    "index": 69
  },
  {
    "name": "Load Router",
    "start": 1590648246264,
    "end": 1590648246268,
    "duration": 4,
    "pid": 7868,
    "index": 70
  },
  {
    "name": "Require(53) app/router.js",
    "start": 1590648246265,
    "end": 1590648246266,
    "duration": 1,
    "pid": 7868,
    "index": 71
  },
  {
    "name": "Before Start in node_modules/egg-core/lib/egg.js:303:10",
    "start": 1590648246266,
    "end": 1590648246281,
    "duration": 15,
    "pid": 7868,
    "index": 72
  }
]