[
  {
    "name": "Application Start",
    "start": 1590647679832,
    "end": 1590647680438,
    "duration": 606,
    "pid": 6608,
    "index": 0
  },
  {
    "name": "Load Plugin",
    "start": 1590647679838,
    "end": 1590647679853,
    "duration": 15,
    "pid": 6608,
    "index": 1
  },
  {
    "name": "Load Config",
    "start": 1590647679853,
    "end": 1590647679873,
    "duration": 20,
    "pid": 6608,
    "index": 2
  },
  {
    "name": "Require(0) config/config.default.js",
    "start": 1590647679854,
    "end": 1590647679854,
    "duration": 0,
    "pid": 6608,
    "index": 3
  },
  {
    "name": "Require(1) node_modules/egg-session/config/config.default.js",
    "start": 1590647679856,
    "end": 1590647679856,
    "duration": 0,
    "pid": 6608,
    "index": 4
  },
  {
    "name": "Require(2) node_modules/egg-security/config/config.default.js",
    "start": 1590647679856,
    "end": 1590647679856,
    "duration": 0,
    "pid": 6608,
    "index": 5
  },
  {
    "name": "Require(3) node_modules/egg-jsonp/config/config.default.js",
    "start": 1590647679858,
    "end": 1590647679858,
    "duration": 0,
    "pid": 6608,
    "index": 6
  },
  {
    "name": "Require(4) node_modules/egg-onerror/config/config.default.js",
    "start": 1590647679858,
    "end": 1590647679859,
    "duration": 1,
    "pid": 6608,
    "index": 7
  },
  {
    "name": "Require(5) node_modules/egg-i18n/config/config.default.js",
    "start": 1590647679859,
    "end": 1590647679859,
    "duration": 0,
    "pid": 6608,
    "index": 8
  },
  {
    "name": "Require(6) node_modules/egg-watcher/config/config.default.js",
    "start": 1590647679860,
    "end": 1590647679860,
    "duration": 0,
    "pid": 6608,
    "index": 9
  },
  {
    "name": "Require(7) node_modules/egg-schedule/config/config.default.js",
    "start": 1590647679860,
    "end": 1590647679861,
    "duration": 1,
    "pid": 6608,
    "index": 10
  },
  {
    "name": "Require(8) node_modules/egg-multipart/config/config.default.js",
    "start": 1590647679861,
    "end": 1590647679861,
    "duration": 0,
    "pid": 6608,
    "index": 11
  },
  {
    "name": "Require(9) node_modules/egg-development/config/config.default.js",
    "start": 1590647679862,
    "end": 1590647679862,
    "duration": 0,
    "pid": 6608,
    "index": 12
  },
  {
    "name": "Require(10) node_modules/egg-logrotator/config/config.default.js",
    "start": 1590647679862,
    "end": 1590647679863,
    "duration": 1,
    "pid": 6608,
    "index": 13
  },
  {
    "name": "Require(11) node_modules/egg-static/config/config.default.js",
    "start": 1590647679863,
    "end": 1590647679863,
    "duration": 0,
    "pid": 6608,
    "index": 14
  },
  {
    "name": "Require(12) node_modules/egg-view/config/config.default.js",
    "start": 1590647679864,
    "end": 1590647679864,
    "duration": 0,
    "pid": 6608,
    "index": 15
  },
  {
    "name": "Require(13) node_modules/egg-view-nunjucks/config/config.default.js",
    "start": 1590647679865,
    "end": 1590647679865,
    "duration": 0,
    "pid": 6608,
    "index": 16
  },
  {
    "name": "Require(14) node_modules/egg-mysql/config/config.default.js",
    "start": 1590647679865,
    "end": 1590647679866,
    "duration": 1,
    "pid": 6608,
    "index": 17
  },
  {
    "name": "Require(15) node_modules/egg-cors/config/config.default.js",
    "start": 1590647679866,
    "end": 1590647679866,
    "duration": 0,
    "pid": 6608,
    "index": 18
  },
  {
    "name": "Require(16) node_modules/egg/config/config.default.js",
    "start": 1590647679867,
    "end": 1590647679867,
    "duration": 0,
    "pid": 6608,
    "index": 19
  },
  {
    "name": "Require(17) config/config.default.js",
    "start": 1590647679869,
    "end": 1590647679869,
    "duration": 0,
    "pid": 6608,
    "index": 20
  },
  {
    "name": "Require(18) node_modules/egg-security/config/config.local.js",
    "start": 1590647679869,
    "end": 1590647679870,
    "duration": 1,
    "pid": 6608,
    "index": 21
  },
  {
    "name": "Require(19) node_modules/egg-watcher/config/config.local.js",
    "start": 1590647679870,
    "end": 1590647679870,
    "duration": 0,
    "pid": 6608,
    "index": 22
  },
  {
    "name": "Require(20) node_modules/egg-view/config/config.local.js",
    "start": 1590647679871,
    "end": 1590647679871,
    "duration": 0,
    "pid": 6608,
    "index": 23
  },
  {
    "name": "Require(21) node_modules/egg-view-nunjucks/config/config.local.js",
    "start": 1590647679872,
    "end": 1590647679872,
    "duration": 0,
    "pid": 6608,
    "index": 24
  },
  {
    "name": "Require(22) node_modules/egg/config/config.local.js",
    "start": 1590647679872,
    "end": 1590647679873,
    "duration": 1,
    "pid": 6608,
    "index": 25
  },
  {
    "name": "Load extend/application.js",
    "start": 1590647679874,
    "end": 1590647679928,
    "duration": 54,
    "pid": 6608,
    "index": 26
  },
  {
    "name": "Require(23) node_modules/egg-session/app/extend/application.js",
    "start": 1590647679875,
    "end": 1590647679875,
    "duration": 0,
    "pid": 6608,
    "index": 27
  },
  {
    "name": "Require(24) node_modules/egg-security/app/extend/application.js",
    "start": 1590647679876,
    "end": 1590647679876,
    "duration": 0,
    "pid": 6608,
    "index": 28
  },
  {
    "name": "Require(25) node_modules/egg-jsonp/app/extend/application.js",
    "start": 1590647679877,
    "end": 1590647679878,
    "duration": 1,
    "pid": 6608,
    "index": 29
  },
  {
    "name": "Require(26) node_modules/egg-logrotator/app/extend/application.js",
    "start": 1590647679879,
    "end": 1590647679884,
    "duration": 5,
    "pid": 6608,
    "index": 30
  },
  {
    "name": "Require(27) node_modules/egg-view/app/extend/application.js",
    "start": 1590647679884,
    "end": 1590647679885,
    "duration": 1,
    "pid": 6608,
    "index": 31
  },
  {
    "name": "Require(28) node_modules/egg-view-nunjucks/app/extend/application.js",
    "start": 1590647679886,
    "end": 1590647679926,
    "duration": 40,
    "pid": 6608,
    "index": 32
  },
  {
    "name": "Load extend/request.js",
    "start": 1590647679928,
    "end": 1590647679934,
    "duration": 6,
    "pid": 6608,
    "index": 33
  },
  {
    "name": "Require(29) node_modules/egg/app/extend/request.js",
    "start": 1590647679931,
    "end": 1590647679932,
    "duration": 1,
    "pid": 6608,
    "index": 34
  },
  {
    "name": "Load extend/response.js",
    "start": 1590647679934,
    "end": 1590647679940,
    "duration": 6,
    "pid": 6608,
    "index": 35
  },
  {
    "name": "Require(30) node_modules/egg/app/extend/response.js",
    "start": 1590647679937,
    "end": 1590647679938,
    "duration": 1,
    "pid": 6608,
    "index": 36
  },
  {
    "name": "Load extend/context.js",
    "start": 1590647679940,
    "end": 1590647680015,
    "duration": 75,
    "pid": 6608,
    "index": 37
  },
  {
    "name": "Require(31) node_modules/egg-security/app/extend/context.js",
    "start": 1590647679940,
    "end": 1590647679953,
    "duration": 13,
    "pid": 6608,
    "index": 38
  },
  {
    "name": "Require(32) node_modules/egg-jsonp/app/extend/context.js",
    "start": 1590647679953,
    "end": 1590647679954,
    "duration": 1,
    "pid": 6608,
    "index": 39
  },
  {
    "name": "Require(33) node_modules/egg-i18n/app/extend/context.js",
    "start": 1590647679955,
    "end": 1590647679955,
    "duration": 0,
    "pid": 6608,
    "index": 40
  },
  {
    "name": "Require(34) node_modules/egg-multipart/app/extend/context.js",
    "start": 1590647679956,
    "end": 1590647680009,
    "duration": 53,
    "pid": 6608,
    "index": 41
  },
  {
    "name": "Require(35) node_modules/egg-view/app/extend/context.js",
    "start": 1590647680009,
    "end": 1590647680010,
    "duration": 1,
    "pid": 6608,
    "index": 42
  },
  {
    "name": "Require(36) node_modules/egg/app/extend/context.js",
    "start": 1590647680011,
    "end": 1590647680012,
    "duration": 1,
    "pid": 6608,
    "index": 43
  },
  {
    "name": "Require(37) app/extend/context.js",
    "start": 1590647680012,
    "end": 1590647680012,
    "duration": 0,
    "pid": 6608,
    "index": 44
  },
  {
    "name": "Load extend/helper.js",
    "start": 1590647680015,
    "end": 1590647680047,
    "duration": 32,
    "pid": 6608,
    "index": 45
  },
  {
    "name": "Require(38) node_modules/egg-security/app/extend/helper.js",
    "start": 1590647680016,
    "end": 1590647680039,
    "duration": 23,
    "pid": 6608,
    "index": 46
  },
  {
    "name": "Require(39) node_modules/egg/app/extend/helper.js",
    "start": 1590647680042,
    "end": 1590647680042,
    "duration": 0,
    "pid": 6608,
    "index": 47
  },
  {
    "name": "Load app.js",
    "start": 1590647680048,
    "end": 1590647680096,
    "duration": 48,
    "pid": 6608,
    "index": 48
  },
  {
    "name": "Require(40) node_modules/egg-session/app.js",
    "start": 1590647680048,
    "end": 1590647680048,
    "duration": 0,
    "pid": 6608,
    "index": 49
  },
  {
    "name": "Require(41) node_modules/egg-security/app.js",
    "start": 1590647680049,
    "end": 1590647680050,
    "duration": 1,
    "pid": 6608,
    "index": 50
  },
  {
    "name": "Require(42) node_modules/egg-onerror/app.js",
    "start": 1590647680051,
    "end": 1590647680059,
    "duration": 8,
    "pid": 6608,
    "index": 51
  },
  {
    "name": "Require(43) node_modules/egg-i18n/app.js",
    "start": 1590647680060,
    "end": 1590647680069,
    "duration": 9,
    "pid": 6608,
    "index": 52
  },
  {
    "name": "Require(44) node_modules/egg-watcher/app.js",
    "start": 1590647680070,
    "end": 1590647680074,
    "duration": 4,
    "pid": 6608,
    "index": 53
  },
  {
    "name": "Require(45) node_modules/egg-schedule/app.js",
    "start": 1590647680074,
    "end": 1590647680075,
    "duration": 1,
    "pid": 6608,
    "index": 54
  },
  {
    "name": "Require(46) node_modules/egg-multipart/app.js",
    "start": 1590647680076,
    "end": 1590647680078,
    "duration": 2,
    "pid": 6608,
    "index": 55
  },
  {
    "name": "Require(47) node_modules/egg-development/app.js",
    "start": 1590647680078,
    "end": 1590647680078,
    "duration": 0,
    "pid": 6608,
    "index": 56
  },
  {
    "name": "Require(48) node_modules/egg-logrotator/app.js",
    "start": 1590647680079,
    "end": 1590647680079,
    "duration": 0,
    "pid": 6608,
    "index": 57
  },
  {
    "name": "Require(49) node_modules/egg-static/app.js",
    "start": 1590647680079,
    "end": 1590647680079,
    "duration": 0,
    "pid": 6608,
    "index": 58
  },
  {
    "name": "Require(50) node_modules/egg-view-nunjucks/app.js",
    "start": 1590647680080,
    "end": 1590647680080,
    "duration": 0,
    "pid": 6608,
    "index": 59
  },
  {
    "name": "Require(51) node_modules/egg-mysql/app.js",
    "start": 1590647680080,
    "end": 1590647680095,
    "duration": 15,
    "pid": 6608,
    "index": 60
  },
  {
    "name": "Require(52) node_modules/egg-cors/app.js",
    "start": 1590647680095,
    "end": 1590647680095,
    "duration": 0,
    "pid": 6608,
    "index": 61
  },
  {
    "name": "Before Start in node_modules/egg-watcher/lib/init.js:15:14",
    "start": 1590647680123,
    "end": 1590647680323,
    "duration": 200,
    "pid": 6608,
    "index": 62
  },
  {
    "name": "Before Start in node_modules/egg-mysql/lib/mysql.js:20:7",
    "start": 1590647680214,
    "end": 1590647680437,
    "duration": 223,
    "pid": 6608,
    "index": 63
  },
  {
    "name": "Load Service",
    "start": 1590647680215,
    "end": 1590647680226,
    "duration": 11,
    "pid": 6608,
    "index": 64
  },
  {
    "name": "Load \"service\" to Context",
    "start": 1590647680215,
    "end": 1590647680226,
    "duration": 11,
    "pid": 6608,
    "index": 65
  },
  {
    "name": "Load Middleware",
    "start": 1590647680227,
    "end": 1590647680286,
    "duration": 59,
    "pid": 6608,
    "index": 66
  },
  {
    "name": "Load \"middlewares\" to Application",
    "start": 1590647680227,
    "end": 1590647680275,
    "duration": 48,
    "pid": 6608,
    "index": 67
  },
  {
    "name": "Load Controller",
    "start": 1590647680286,
    "end": 1590647680295,
    "duration": 9,
    "pid": 6608,
    "index": 68
  },
  {
    "name": "Load \"controller\" to Application",
    "start": 1590647680286,
    "end": 1590647680295,
    "duration": 9,
    "pid": 6608,
    "index": 69
  },
  {
    "name": "Load Router",
    "start": 1590647680295,
    "end": 1590647680299,
    "duration": 4,
    "pid": 6608,
    "index": 70
  },
  {
    "name": "Require(53) app/router.js",
    "start": 1590647680296,
    "end": 1590647680296,
    "duration": 0,
    "pid": 6608,
    "index": 71
  },
  {
    "name": "Before Start in node_modules/egg-core/lib/egg.js:303:10",
    "start": 1590647680297,
    "end": 1590647680312,
    "duration": 15,
    "pid": 6608,
    "index": 72
  }
]