[
  {
    "name": "Application Start",
    "start": 1590648089107,
    "end": 1590648089690,
    "duration": 583,
    "pid": 10992,
    "index": 0
  },
  {
    "name": "Load Plugin",
    "start": 1590648089112,
    "end": 1590648089127,
    "duration": 15,
    "pid": 10992,
    "index": 1
  },
  {
    "name": "Load Config",
    "start": 1590648089127,
    "end": 1590648089148,
    "duration": 21,
    "pid": 10992,
    "index": 2
  },
  {
    "name": "Require(0) config/config.default.js",
    "start": 1590648089128,
    "end": 1590648089128,
    "duration": 0,
    "pid": 10992,
    "index": 3
  },
  {
    "name": "Require(1) node_modules/egg-session/config/config.default.js",
    "start": 1590648089130,
    "end": 1590648089130,
    "duration": 0,
    "pid": 10992,
    "index": 4
  },
  {
    "name": "Require(2) node_modules/egg-security/config/config.default.js",
    "start": 1590648089130,
    "end": 1590648089131,
    "duration": 1,
    "pid": 10992,
    "index": 5
  },
  {
    "name": "Require(3) node_modules/egg-jsonp/config/config.default.js",
    "start": 1590648089132,
    "end": 1590648089132,
    "duration": 0,
    "pid": 10992,
    "index": 6
  },
  {
    "name": "Require(4) node_modules/egg-onerror/config/config.default.js",
    "start": 1590648089133,
    "end": 1590648089133,
    "duration": 0,
    "pid": 10992,
    "index": 7
  },
  {
    "name": "Require(5) node_modules/egg-i18n/config/config.default.js",
    "start": 1590648089133,
    "end": 1590648089133,
    "duration": 0,
    "pid": 10992,
    "index": 8
  },
  {
    "name": "Require(6) node_modules/egg-watcher/config/config.default.js",
    "start": 1590648089134,
    "end": 1590648089134,
    "duration": 0,
    "pid": 10992,
    "index": 9
  },
  {
    "name": "Require(7) node_modules/egg-schedule/config/config.default.js",
    "start": 1590648089135,
    "end": 1590648089135,
    "duration": 0,
    "pid": 10992,
    "index": 10
  },
  {
    "name": "Require(8) node_modules/egg-multipart/config/config.default.js",
    "start": 1590648089135,
    "end": 1590648089135,
    "duration": 0,
    "pid": 10992,
    "index": 11
  },
  {
    "name": "Require(9) node_modules/egg-development/config/config.default.js",
    "start": 1590648089136,
    "end": 1590648089136,
    "duration": 0,
    "pid": 10992,
    "index": 12
  },
  {
    "name": "Require(10) node_modules/egg-logrotator/config/config.default.js",
    "start": 1590648089137,
    "end": 1590648089137,
    "duration": 0,
    "pid": 10992,
    "index": 13
  },
  {
    "name": "Require(11) node_modules/egg-static/config/config.default.js",
    "start": 1590648089138,
    "end": 1590648089138,
    "duration": 0,
    "pid": 10992,
    "index": 14
  },
  {
    "name": "Require(12) node_modules/egg-view/config/config.default.js",
    "start": 1590648089139,
    "end": 1590648089139,
    "duration": 0,
    "pid": 10992,
    "index": 15
  },
  {
    "name": "Require(13) node_modules/egg-view-nunjucks/config/config.default.js",
    "start": 1590648089139,
    "end": 1590648089140,
    "duration": 1,
    "pid": 10992,
    "index": 16
  },
  {
    "name": "Require(14) node_modules/egg-mysql/config/config.default.js",
    "start": 1590648089140,
    "end": 1590648089140,
    "duration": 0,
    "pid": 10992,
    "index": 17
  },
  {
    "name": "Require(15) node_modules/egg-cors/config/config.default.js",
    "start": 1590648089141,
    "end": 1590648089141,
    "duration": 0,
    "pid": 10992,
    "index": 18
  },
  {
    "name": "Require(16) node_modules/egg/config/config.default.js",
    "start": 1590648089141,
    "end": 1590648089142,
    "duration": 1,
    "pid": 10992,
    "index": 19
  },
  {
    "name": "Require(17) config/config.default.js",
    "start": 1590648089143,
    "end": 1590648089143,
    "duration": 0,
    "pid": 10992,
    "index": 20
  },
  {
    "name": "Require(18) node_modules/egg-security/config/config.local.js",
    "start": 1590648089144,
    "end": 1590648089144,
    "duration": 0,
    "pid": 10992,
    "index": 21
  },
  {
    "name": "Require(19) node_modules/egg-watcher/config/config.local.js",
    "start": 1590648089144,
    "end": 1590648089145,
    "duration": 1,
    "pid": 10992,
    "index": 22
  },
  {
    "name": "Require(20) node_modules/egg-view/config/config.local.js",
    "start": 1590648089145,
    "end": 1590648089147,
    "duration": 2,
    "pid": 10992,
    "index": 23
  },
  {
    "name": "Require(21) node_modules/egg-view-nunjucks/config/config.local.js",
    "start": 1590648089147,
    "end": 1590648089147,
    "duration": 0,
    "pid": 10992,
    "index": 24
  },
  {
    "name": "Require(22) node_modules/egg/config/config.local.js",
    "start": 1590648089148,
    "end": 1590648089148,
    "duration": 0,
    "pid": 10992,
    "index": 25
  },
  {
    "name": "Load extend/application.js",
    "start": 1590648089149,
    "end": 1590648089203,
    "duration": 54,
    "pid": 10992,
    "index": 26
  },
  {
    "name": "Require(23) node_modules/egg-session/app/extend/application.js",
    "start": 1590648089150,
    "end": 1590648089150,
    "duration": 0,
    "pid": 10992,
    "index": 27
  },
  {
    "name": "Require(24) node_modules/egg-security/app/extend/application.js",
    "start": 1590648089151,
    "end": 1590648089151,
    "duration": 0,
    "pid": 10992,
    "index": 28
  },
  {
    "name": "Require(25) node_modules/egg-jsonp/app/extend/application.js",
    "start": 1590648089152,
    "end": 1590648089152,
    "duration": 0,
    "pid": 10992,
    "index": 29
  },
  {
    "name": "Require(26) node_modules/egg-logrotator/app/extend/application.js",
    "start": 1590648089153,
    "end": 1590648089159,
    "duration": 6,
    "pid": 10992,
    "index": 30
  },
  {
    "name": "Require(27) node_modules/egg-view/app/extend/application.js",
    "start": 1590648089159,
    "end": 1590648089160,
    "duration": 1,
    "pid": 10992,
    "index": 31
  },
  {
    "name": "Require(28) node_modules/egg-view-nunjucks/app/extend/application.js",
    "start": 1590648089161,
    "end": 1590648089201,
    "duration": 40,
    "pid": 10992,
    "index": 32
  },
  {
    "name": "Load extend/request.js",
    "start": 1590648089203,
    "end": 1590648089209,
    "duration": 6,
    "pid": 10992,
    "index": 33
  },
  {
    "name": "Require(29) node_modules/egg/app/extend/request.js",
    "start": 1590648089206,
    "end": 1590648089207,
    "duration": 1,
    "pid": 10992,
    "index": 34
  },
  {
    "name": "Load extend/response.js",
    "start": 1590648089209,
    "end": 1590648089214,
    "duration": 5,
    "pid": 10992,
    "index": 35
  },
  {
    "name": "Require(30) node_modules/egg/app/extend/response.js",
    "start": 1590648089211,
    "end": 1590648089212,
    "duration": 1,
    "pid": 10992,
    "index": 36
  },
  {
    "name": "Load extend/context.js",
    "start": 1590648089214,
    "end": 1590648089289,
    "duration": 75,
    "pid": 10992,
    "index": 37
  },
  {
    "name": "Require(31) node_modules/egg-security/app/extend/context.js",
    "start": 1590648089215,
    "end": 1590648089228,
    "duration": 13,
    "pid": 10992,
    "index": 38
  },
  {
    "name": "Require(32) node_modules/egg-jsonp/app/extend/context.js",
    "start": 1590648089228,
    "end": 1590648089229,
    "duration": 1,
    "pid": 10992,
    "index": 39
  },
  {
    "name": "Require(33) node_modules/egg-i18n/app/extend/context.js",
    "start": 1590648089230,
    "end": 1590648089230,
    "duration": 0,
    "pid": 10992,
    "index": 40
  },
  {
    "name": "Require(34) node_modules/egg-multipart/app/extend/context.js",
    "start": 1590648089230,
    "end": 1590648089282,
    "duration": 52,
    "pid": 10992,
    "index": 41
  },
  {
    "name": "Require(35) node_modules/egg-view/app/extend/context.js",
    "start": 1590648089283,
    "end": 1590648089284,
    "duration": 1,
    "pid": 10992,
    "index": 42
  },
  {
    "name": "Require(36) node_modules/egg/app/extend/context.js",
    "start": 1590648089285,
    "end": 1590648089286,
    "duration": 1,
    "pid": 10992,
    "index": 43
  },
  {
    "name": "Require(37) app/extend/context.js",
    "start": 1590648089286,
    "end": 1590648089286,
    "duration": 0,
    "pid": 10992,
    "index": 44
  },
  {
    "name": "Load extend/helper.js",
    "start": 1590648089289,
    "end": 1590648089312,
    "duration": 23,
    "pid": 10992,
    "index": 45
  },
  {
    "name": "Require(38) node_modules/egg-security/app/extend/helper.js",
    "start": 1590648089289,
    "end": 1590648089304,
    "duration": 15,
    "pid": 10992,
    "index": 46
  },
  {
    "name": "Require(39) node_modules/egg/app/extend/helper.js",
    "start": 1590648089309,
    "end": 1590648089310,
    "duration": 1,
    "pid": 10992,
    "index": 47
  },
  {
    "name": "Load app.js",
    "start": 1590648089312,
    "end": 1590648089355,
    "duration": 43,
    "pid": 10992,
    "index": 48
  },
  {
    "name": "Require(40) node_modules/egg-session/app.js",
    "start": 1590648089313,
    "end": 1590648089313,
    "duration": 0,
    "pid": 10992,
    "index": 49
  },
  {
    "name": "Require(41) node_modules/egg-security/app.js",
    "start": 1590648089313,
    "end": 1590648089314,
    "duration": 1,
    "pid": 10992,
    "index": 50
  },
  {
    "name": "Require(42) node_modules/egg-onerror/app.js",
    "start": 1590648089315,
    "end": 1590648089322,
    "duration": 7,
    "pid": 10992,
    "index": 51
  },
  {
    "name": "Require(43) node_modules/egg-i18n/app.js",
    "start": 1590648089323,
    "end": 1590648089330,
    "duration": 7,
    "pid": 10992,
    "index": 52
  },
  {
    "name": "Require(44) node_modules/egg-watcher/app.js",
    "start": 1590648089331,
    "end": 1590648089333,
    "duration": 2,
    "pid": 10992,
    "index": 53
  },
  {
    "name": "Require(45) node_modules/egg-schedule/app.js",
    "start": 1590648089333,
    "end": 1590648089334,
    "duration": 1,
    "pid": 10992,
    "index": 54
  },
  {
    "name": "Require(46) node_modules/egg-multipart/app.js",
    "start": 1590648089334,
    "end": 1590648089336,
    "duration": 2,
    "pid": 10992,
    "index": 55
  },
  {
    "name": "Require(47) node_modules/egg-development/app.js",
    "start": 1590648089336,
    "end": 1590648089337,
    "duration": 1,
    "pid": 10992,
    "index": 56
  },
  {
    "name": "Require(48) node_modules/egg-logrotator/app.js",
    "start": 1590648089337,
    "end": 1590648089337,
    "duration": 0,
    "pid": 10992,
    "index": 57
  },
  {
    "name": "Require(49) node_modules/egg-static/app.js",
    "start": 1590648089337,
    "end": 1590648089337,
    "duration": 0,
    "pid": 10992,
    "index": 58
  },
  {
    "name": "Require(50) node_modules/egg-view-nunjucks/app.js",
    "start": 1590648089338,
    "end": 1590648089338,
    "duration": 0,
    "pid": 10992,
    "index": 59
  },
  {
    "name": "Require(51) node_modules/egg-mysql/app.js",
    "start": 1590648089339,
    "end": 1590648089354,
    "duration": 15,
    "pid": 10992,
    "index": 60
  },
  {
    "name": "Require(52) node_modules/egg-cors/app.js",
    "start": 1590648089354,
    "end": 1590648089354,
    "duration": 0,
    "pid": 10992,
    "index": 61
  },
  {
    "name": "Before Start in node_modules/egg-watcher/lib/init.js:15:14",
    "start": 1590648089371,
    "end": 1590648089575,
    "duration": 204,
    "pid": 10992,
    "index": 62
  },
  {
    "name": "Before Start in node_modules/egg-mysql/lib/mysql.js:20:7",
    "start": 1590648089466,
    "end": 1590648089689,
    "duration": 223,
    "pid": 10992,
    "index": 63
  },
  {
    "name": "Load Service",
    "start": 1590648089466,
    "end": 1590648089475,
    "duration": 9,
    "pid": 10992,
    "index": 64
  },
  {
    "name": "Load \"service\" to Context",
    "start": 1590648089467,
    "end": 1590648089475,
    "duration": 8,
    "pid": 10992,
    "index": 65
  },
  {
    "name": "Load Middleware",
    "start": 1590648089475,
    "end": 1590648089539,
    "duration": 64,
    "pid": 10992,
    "index": 66
  },
  {
    "name": "Load \"middlewares\" to Application",
    "start": 1590648089476,
    "end": 1590648089531,
    "duration": 55,
    "pid": 10992,
    "index": 67
  },
  {
    "name": "Load Controller",
    "start": 1590648089539,
    "end": 1590648089547,
    "duration": 8,
    "pid": 10992,
    "index": 68
  },
  {
    "name": "Load \"controller\" to Application",
    "start": 1590648089540,
    "end": 1590648089547,
    "duration": 7,
    "pid": 10992,
    "index": 69
  },
  {
    "name": "Load Router",
    "start": 1590648089547,
    "end": 1590648089550,
    "duration": 3,
    "pid": 10992,
    "index": 70
  },
  {
    "name": "Require(53) app/router.js",
    "start": 1590648089547,
    "end": 1590648089547,
    "duration": 0,
    "pid": 10992,
    "index": 71
  },
  {
    "name": "Before Start in node_modules/egg-core/lib/egg.js:303:10",
    "start": 1590648089548,
    "end": 1590648089565,
    "duration": 17,
    "pid": 10992,
    "index": 72
  }
]