[
  {
    "name": "Application Start",
    "start": 1590647628022,
    "end": 1590647628575,
    "duration": 553,
    "pid": 2252,
    "index": 0
  },
  {
    "name": "Load Plugin",
    "start": 1590647628026,
    "end": 1590647628042,
    "duration": 16,
    "pid": 2252,
    "index": 1
  },
  {
    "name": "Load Config",
    "start": 1590647628043,
    "end": 1590647628061,
    "duration": 18,
    "pid": 2252,
    "index": 2
  },
  {
    "name": "Require(0) config/config.default.js",
    "start": 1590647628043,
    "end": 1590647628044,
    "duration": 1,
    "pid": 2252,
    "index": 3
  },
  {
    "name": "Require(1) node_modules/egg-session/config/config.default.js",
    "start": 1590647628045,
    "end": 1590647628045,
    "duration": 0,
    "pid": 2252,
    "index": 4
  },
  {
    "name": "Require(2) node_modules/egg-security/config/config.default.js",
    "start": 1590647628046,
    "end": 1590647628046,
    "duration": 0,
    "pid": 2252,
    "index": 5
  },
  {
    "name": "Require(3) node_modules/egg-jsonp/config/config.default.js",
    "start": 1590647628047,
    "end": 1590647628047,
    "duration": 0,
    "pid": 2252,
    "index": 6
  },
  {
    "name": "Require(4) node_modules/egg-onerror/config/config.default.js",
    "start": 1590647628048,
    "end": 1590647628048,
    "duration": 0,
    "pid": 2252,
    "index": 7
  },
  {
    "name": "Require(5) node_modules/egg-i18n/config/config.default.js",
    "start": 1590647628048,
    "end": 1590647628049,
    "duration": 1,
    "pid": 2252,
    "index": 8
  },
  {
    "name": "Require(6) node_modules/egg-watcher/config/config.default.js",
    "start": 1590647628049,
    "end": 1590647628049,
    "duration": 0,
    "pid": 2252,
    "index": 9
  },
  {
    "name": "Require(7) node_modules/egg-schedule/config/config.default.js",
    "start": 1590647628050,
    "end": 1590647628050,
    "duration": 0,
    "pid": 2252,
    "index": 10
  },
  {
    "name": "Require(8) node_modules/egg-multipart/config/config.default.js",
    "start": 1590647628050,
    "end": 1590647628051,
    "duration": 1,
    "pid": 2252,
    "index": 11
  },
  {
    "name": "Require(9) node_modules/egg-development/config/config.default.js",
    "start": 1590647628051,
    "end": 1590647628051,
    "duration": 0,
    "pid": 2252,
    "index": 12
  },
  {
    "name": "Require(10) node_modules/egg-logrotator/config/config.default.js",
    "start": 1590647628052,
    "end": 1590647628052,
    "duration": 0,
    "pid": 2252,
    "index": 13
  },
  {
    "name": "Require(11) node_modules/egg-static/config/config.default.js",
    "start": 1590647628052,
    "end": 1590647628053,
    "duration": 1,
    "pid": 2252,
    "index": 14
  },
  {
    "name": "Require(12) node_modules/egg-view/config/config.default.js",
    "start": 1590647628053,
    "end": 1590647628053,
    "duration": 0,
    "pid": 2252,
    "index": 15
  },
  {
    "name": "Require(13) node_modules/egg-view-nunjucks/config/config.default.js",
    "start": 1590647628054,
    "end": 1590647628054,
    "duration": 0,
    "pid": 2252,
    "index": 16
  },
  {
    "name": "Require(14) node_modules/egg-mysql/config/config.default.js",
    "start": 1590647628054,
    "end": 1590647628054,
    "duration": 0,
    "pid": 2252,
    "index": 17
  },
  {
    "name": "Require(15) node_modules/egg-cors/config/config.default.js",
    "start": 1590647628055,
    "end": 1590647628055,
    "duration": 0,
    "pid": 2252,
    "index": 18
  },
  {
    "name": "Require(16) node_modules/egg/config/config.default.js",
    "start": 1590647628055,
    "end": 1590647628055,
    "duration": 0,
    "pid": 2252,
    "index": 19
  },
  {
    "name": "Require(17) config/config.default.js",
    "start": 1590647628057,
    "end": 1590647628057,
    "duration": 0,
    "pid": 2252,
    "index": 20
  },
  {
    "name": "Require(18) node_modules/egg-security/config/config.local.js",
    "start": 1590647628057,
    "end": 1590647628058,
    "duration": 1,
    "pid": 2252,
    "index": 21
  },
  {
    "name": "Require(19) node_modules/egg-watcher/config/config.local.js",
    "start": 1590647628058,
    "end": 1590647628059,
    "duration": 1,
    "pid": 2252,
    "index": 22
  },
  {
    "name": "Require(20) node_modules/egg-view/config/config.local.js",
    "start": 1590647628060,
    "end": 1590647628060,
    "duration": 0,
    "pid": 2252,
    "index": 23
  },
  {
    "name": "Require(21) node_modules/egg-view-nunjucks/config/config.local.js",
    "start": 1590647628060,
    "end": 1590647628060,
    "duration": 0,
    "pid": 2252,
    "index": 24
  },
  {
    "name": "Require(22) node_modules/egg/config/config.local.js",
    "start": 1590647628061,
    "end": 1590647628061,
    "duration": 0,
    "pid": 2252,
    "index": 25
  },
  {
    "name": "Load extend/application.js",
    "start": 1590647628062,
    "end": 1590647628115,
    "duration": 53,
    "pid": 2252,
    "index": 26
  },
  {
    "name": "Require(23) node_modules/egg-session/app/extend/application.js",
    "start": 1590647628063,
    "end": 1590647628063,
    "duration": 0,
    "pid": 2252,
    "index": 27
  },
  {
    "name": "Require(24) node_modules/egg-security/app/extend/application.js",
    "start": 1590647628063,
    "end": 1590647628064,
    "duration": 1,
    "pid": 2252,
    "index": 28
  },
  {
    "name": "Require(25) node_modules/egg-jsonp/app/extend/application.js",
    "start": 1590647628064,
    "end": 1590647628066,
    "duration": 2,
    "pid": 2252,
    "index": 29
  },
  {
    "name": "Require(26) node_modules/egg-logrotator/app/extend/application.js",
    "start": 1590647628067,
    "end": 1590647628071,
    "duration": 4,
    "pid": 2252,
    "index": 30
  },
  {
    "name": "Require(27) node_modules/egg-view/app/extend/application.js",
    "start": 1590647628071,
    "end": 1590647628072,
    "duration": 1,
    "pid": 2252,
    "index": 31
  },
  {
    "name": "Require(28) node_modules/egg-view-nunjucks/app/extend/application.js",
    "start": 1590647628073,
    "end": 1590647628112,
    "duration": 39,
    "pid": 2252,
    "index": 32
  },
  {
    "name": "Load extend/request.js",
    "start": 1590647628115,
    "end": 1590647628121,
    "duration": 6,
    "pid": 2252,
    "index": 33
  },
  {
    "name": "Require(29) node_modules/egg/app/extend/request.js",
    "start": 1590647628117,
    "end": 1590647628118,
    "duration": 1,
    "pid": 2252,
    "index": 34
  },
  {
    "name": "Load extend/response.js",
    "start": 1590647628121,
    "end": 1590647628125,
    "duration": 4,
    "pid": 2252,
    "index": 35
  },
  {
    "name": "Require(30) node_modules/egg/app/extend/response.js",
    "start": 1590647628122,
    "end": 1590647628123,
    "duration": 1,
    "pid": 2252,
    "index": 36
  },
  {
    "name": "Load extend/context.js",
    "start": 1590647628125,
    "end": 1590647628198,
    "duration": 73,
    "pid": 2252,
    "index": 37
  },
  {
    "name": "Require(31) node_modules/egg-security/app/extend/context.js",
    "start": 1590647628126,
    "end": 1590647628138,
    "duration": 12,
    "pid": 2252,
    "index": 38
  },
  {
    "name": "Require(32) node_modules/egg-jsonp/app/extend/context.js",
    "start": 1590647628138,
    "end": 1590647628139,
    "duration": 1,
    "pid": 2252,
    "index": 39
  },
  {
    "name": "Require(33) node_modules/egg-i18n/app/extend/context.js",
    "start": 1590647628139,
    "end": 1590647628140,
    "duration": 1,
    "pid": 2252,
    "index": 40
  },
  {
    "name": "Require(34) node_modules/egg-multipart/app/extend/context.js",
    "start": 1590647628140,
    "end": 1590647628192,
    "duration": 52,
    "pid": 2252,
    "index": 41
  },
  {
    "name": "Require(35) node_modules/egg-view/app/extend/context.js",
    "start": 1590647628193,
    "end": 1590647628193,
    "duration": 0,
    "pid": 2252,
    "index": 42
  },
  {
    "name": "Require(36) node_modules/egg/app/extend/context.js",
    "start": 1590647628194,
    "end": 1590647628195,
    "duration": 1,
    "pid": 2252,
    "index": 43
  },
  {
    "name": "Require(37) app/extend/context.js",
    "start": 1590647628195,
    "end": 1590647628196,
    "duration": 1,
    "pid": 2252,
    "index": 44
  },
  {
    "name": "Load extend/helper.js",
    "start": 1590647628198,
    "end": 1590647628220,
    "duration": 22,
    "pid": 2252,
    "index": 45
  },
  {
    "name": "Require(38) node_modules/egg-security/app/extend/helper.js",
    "start": 1590647628198,
    "end": 1590647628213,
    "duration": 15,
    "pid": 2252,
    "index": 46
  },
  {
    "name": "Require(39) node_modules/egg/app/extend/helper.js",
    "start": 1590647628217,
    "end": 1590647628218,
    "duration": 1,
    "pid": 2252,
    "index": 47
  },
  {
    "name": "Load app.js",
    "start": 1590647628220,
    "end": 1590647628257,
    "duration": 37,
    "pid": 2252,
    "index": 48
  },
  {
    "name": "Require(40) node_modules/egg-session/app.js",
    "start": 1590647628221,
    "end": 1590647628221,
    "duration": 0,
    "pid": 2252,
    "index": 49
  },
  {
    "name": "Require(41) node_modules/egg-security/app.js",
    "start": 1590647628221,
    "end": 1590647628222,
    "duration": 1,
    "pid": 2252,
    "index": 50
  },
  {
    "name": "Require(42) node_modules/egg-onerror/app.js",
    "start": 1590647628222,
    "end": 1590647628229,
    "duration": 7,
    "pid": 2252,
    "index": 51
  },
  {
    "name": "Require(43) node_modules/egg-i18n/app.js",
    "start": 1590647628229,
    "end": 1590647628236,
    "duration": 7,
    "pid": 2252,
    "index": 52
  },
  {
    "name": "Require(44) node_modules/egg-watcher/app.js",
    "start": 1590647628237,
    "end": 1590647628239,
    "duration": 2,
    "pid": 2252,
    "index": 53
  },
  {
    "name": "Require(45) node_modules/egg-schedule/app.js",
    "start": 1590647628239,
    "end": 1590647628240,
    "duration": 1,
    "pid": 2252,
    "index": 54
  },
  {
    "name": "Require(46) node_modules/egg-multipart/app.js",
    "start": 1590647628240,
    "end": 1590647628242,
    "duration": 2,
    "pid": 2252,
    "index": 55
  },
  {
    "name": "Require(47) node_modules/egg-development/app.js",
    "start": 1590647628242,
    "end": 1590647628242,
    "duration": 0,
    "pid": 2252,
    "index": 56
  },
  {
    "name": "Require(48) node_modules/egg-logrotator/app.js",
    "start": 1590647628243,
    "end": 1590647628243,
    "duration": 0,
    "pid": 2252,
    "index": 57
  },
  {
    "name": "Require(49) node_modules/egg-static/app.js",
    "start": 1590647628243,
    "end": 1590647628243,
    "duration": 0,
    "pid": 2252,
    "index": 58
  },
  {
    "name": "Require(50) node_modules/egg-view-nunjucks/app.js",
    "start": 1590647628244,
    "end": 1590647628244,
    "duration": 0,
    "pid": 2252,
    "index": 59
  },
  {
    "name": "Require(51) node_modules/egg-mysql/app.js",
    "start": 1590647628244,
    "end": 1590647628256,
    "duration": 12,
    "pid": 2252,
    "index": 60
  },
  {
    "name": "Require(52) node_modules/egg-cors/app.js",
    "start": 1590647628256,
    "end": 1590647628257,
    "duration": 1,
    "pid": 2252,
    "index": 61
  },
  {
    "name": "Before Start in node_modules/egg-watcher/lib/init.js:15:14",
    "start": 1590647628273,
    "end": 1590647628456,
    "duration": 183,
    "pid": 2252,
    "index": 62
  },
  {
    "name": "Before Start in node_modules/egg-mysql/lib/mysql.js:20:7",
    "start": 1590647628358,
    "end": 1590647628574,
    "duration": 216,
    "pid": 2252,
    "index": 63
  },
  {
    "name": "Load Service",
    "start": 1590647628358,
    "end": 1590647628364,
    "duration": 6,
    "pid": 2252,
    "index": 64
  },
  {
    "name": "Load \"service\" to Context",
    "start": 1590647628358,
    "end": 1590647628364,
    "duration": 6,
    "pid": 2252,
    "index": 65
  },
  {
    "name": "Load Middleware",
    "start": 1590647628365,
    "end": 1590647628415,
    "duration": 50,
    "pid": 2252,
    "index": 66
  },
  {
    "name": "Load \"middlewares\" to Application",
    "start": 1590647628365,
    "end": 1590647628408,
    "duration": 43,
    "pid": 2252,
    "index": 67
  },
  {
    "name": "Load Controller",
    "start": 1590647628415,
    "end": 1590647628422,
    "duration": 7,
    "pid": 2252,
    "index": 68
  },
  {
    "name": "Load \"controller\" to Application",
    "start": 1590647628415,
    "end": 1590647628422,
    "duration": 7,
    "pid": 2252,
    "index": 69
  },
  {
    "name": "Load Router",
    "start": 1590647628422,
    "end": 1590647628425,
    "duration": 3,
    "pid": 2252,
    "index": 70
  },
  {
    "name": "Require(53) app/router.js",
    "start": 1590647628422,
    "end": 1590647628422,
    "duration": 0,
    "pid": 2252,
    "index": 71
  },
  {
    "name": "Before Start in node_modules/egg-core/lib/egg.js:303:10",
    "start": 1590647628423,
    "end": 1590647628444,
    "duration": 21,
    "pid": 2252,
    "index": 72
  }
]