[
  {
    "name": "Application Start",
    "start": 1590647768830,
    "end": 1590647769396,
    "duration": 566,
    "pid": 11992,
    "index": 0
  },
  {
    "name": "Load Plugin",
    "start": 1590647768835,
    "end": 1590647768851,
    "duration": 16,
    "pid": 11992,
    "index": 1
  },
  {
    "name": "Load Config",
    "start": 1590647768852,
    "end": 1590647768872,
    "duration": 20,
    "pid": 11992,
    "index": 2
  },
  {
    "name": "Require(0) config/config.default.js",
    "start": 1590647768852,
    "end": 1590647768853,
    "duration": 1,
    "pid": 11992,
    "index": 3
  },
  {
    "name": "Require(1) node_modules/egg-session/config/config.default.js",
    "start": 1590647768854,
    "end": 1590647768854,
    "duration": 0,
    "pid": 11992,
    "index": 4
  },
  {
    "name": "Require(2) node_modules/egg-security/config/config.default.js",
    "start": 1590647768854,
    "end": 1590647768855,
    "duration": 1,
    "pid": 11992,
    "index": 5
  },
  {
    "name": "Require(3) node_modules/egg-jsonp/config/config.default.js",
    "start": 1590647768856,
    "end": 1590647768856,
    "duration": 0,
    "pid": 11992,
    "index": 6
  },
  {
    "name": "Require(4) node_modules/egg-onerror/config/config.default.js",
    "start": 1590647768857,
    "end": 1590647768857,
    "duration": 0,
    "pid": 11992,
    "index": 7
  },
  {
    "name": "Require(5) node_modules/egg-i18n/config/config.default.js",
    "start": 1590647768857,
    "end": 1590647768858,
    "duration": 1,
    "pid": 11992,
    "index": 8
  },
  {
    "name": "Require(6) node_modules/egg-watcher/config/config.default.js",
    "start": 1590647768858,
    "end": 1590647768859,
    "duration": 1,
    "pid": 11992,
    "index": 9
  },
  {
    "name": "Require(7) node_modules/egg-schedule/config/config.default.js",
    "start": 1590647768859,
    "end": 1590647768860,
    "duration": 1,
    "pid": 11992,
    "index": 10
  },
  {
    "name": "Require(8) node_modules/egg-multipart/config/config.default.js",
    "start": 1590647768860,
    "end": 1590647768860,
    "duration": 0,
    "pid": 11992,
    "index": 11
  },
  {
    "name": "Require(9) node_modules/egg-development/config/config.default.js",
    "start": 1590647768861,
    "end": 1590647768861,
    "duration": 0,
    "pid": 11992,
    "index": 12
  },
  {
    "name": "Require(10) node_modules/egg-logrotator/config/config.default.js",
    "start": 1590647768861,
    "end": 1590647768862,
    "duration": 1,
    "pid": 11992,
    "index": 13
  },
  {
    "name": "Require(11) node_modules/egg-static/config/config.default.js",
    "start": 1590647768862,
    "end": 1590647768862,
    "duration": 0,
    "pid": 11992,
    "index": 14
  },
  {
    "name": "Require(12) node_modules/egg-view/config/config.default.js",
    "start": 1590647768863,
    "end": 1590647768863,
    "duration": 0,
    "pid": 11992,
    "index": 15
  },
  {
    "name": "Require(13) node_modules/egg-view-nunjucks/config/config.default.js",
    "start": 1590647768863,
    "end": 1590647768863,
    "duration": 0,
    "pid": 11992,
    "index": 16
  },
  {
    "name": "Require(14) node_modules/egg-mysql/config/config.default.js",
    "start": 1590647768864,
    "end": 1590647768864,
    "duration": 0,
    "pid": 11992,
    "index": 17
  },
  {
    "name": "Require(15) node_modules/egg-cors/config/config.default.js",
    "start": 1590647768864,
    "end": 1590647768864,
    "duration": 0,
    "pid": 11992,
    "index": 18
  },
  {
    "name": "Require(16) node_modules/egg/config/config.default.js",
    "start": 1590647768865,
    "end": 1590647768865,
    "duration": 0,
    "pid": 11992,
    "index": 19
  },
  {
    "name": "Require(17) config/config.default.js",
    "start": 1590647768867,
    "end": 1590647768867,
    "duration": 0,
    "pid": 11992,
    "index": 20
  },
  {
    "name": "Require(18) node_modules/egg-security/config/config.local.js",
    "start": 1590647768868,
    "end": 1590647768868,
    "duration": 0,
    "pid": 11992,
    "index": 21
  },
  {
    "name": "Require(19) node_modules/egg-watcher/config/config.local.js",
    "start": 1590647768869,
    "end": 1590647768869,
    "duration": 0,
    "pid": 11992,
    "index": 22
  },
  {
    "name": "Require(20) node_modules/egg-view/config/config.local.js",
    "start": 1590647768870,
    "end": 1590647768870,
    "duration": 0,
    "pid": 11992,
    "index": 23
  },
  {
    "name": "Require(21) node_modules/egg-view-nunjucks/config/config.local.js",
    "start": 1590647768871,
    "end": 1590647768871,
    "duration": 0,
    "pid": 11992,
    "index": 24
  },
  {
    "name": "Require(22) node_modules/egg/config/config.local.js",
    "start": 1590647768871,
    "end": 1590647768871,
    "duration": 0,
    "pid": 11992,
    "index": 25
  },
  {
    "name": "Load extend/application.js",
    "start": 1590647768873,
    "end": 1590647768926,
    "duration": 53,
    "pid": 11992,
    "index": 26
  },
  {
    "name": "Require(23) node_modules/egg-session/app/extend/application.js",
    "start": 1590647768874,
    "end": 1590647768874,
    "duration": 0,
    "pid": 11992,
    "index": 27
  },
  {
    "name": "Require(24) node_modules/egg-security/app/extend/application.js",
    "start": 1590647768874,
    "end": 1590647768875,
    "duration": 1,
    "pid": 11992,
    "index": 28
  },
  {
    "name": "Require(25) node_modules/egg-jsonp/app/extend/application.js",
    "start": 1590647768875,
    "end": 1590647768876,
    "duration": 1,
    "pid": 11992,
    "index": 29
  },
  {
    "name": "Require(26) node_modules/egg-logrotator/app/extend/application.js",
    "start": 1590647768877,
    "end": 1590647768881,
    "duration": 4,
    "pid": 11992,
    "index": 30
  },
  {
    "name": "Require(27) node_modules/egg-view/app/extend/application.js",
    "start": 1590647768882,
    "end": 1590647768883,
    "duration": 1,
    "pid": 11992,
    "index": 31
  },
  {
    "name": "Require(28) node_modules/egg-view-nunjucks/app/extend/application.js",
    "start": 1590647768884,
    "end": 1590647768923,
    "duration": 39,
    "pid": 11992,
    "index": 32
  },
  {
    "name": "Load extend/request.js",
    "start": 1590647768926,
    "end": 1590647768931,
    "duration": 5,
    "pid": 11992,
    "index": 33
  },
  {
    "name": "Require(29) node_modules/egg/app/extend/request.js",
    "start": 1590647768928,
    "end": 1590647768929,
    "duration": 1,
    "pid": 11992,
    "index": 34
  },
  {
    "name": "Load extend/response.js",
    "start": 1590647768931,
    "end": 1590647768937,
    "duration": 6,
    "pid": 11992,
    "index": 35
  },
  {
    "name": "Require(30) node_modules/egg/app/extend/response.js",
    "start": 1590647768933,
    "end": 1590647768934,
    "duration": 1,
    "pid": 11992,
    "index": 36
  },
  {
    "name": "Load extend/context.js",
    "start": 1590647768937,
    "end": 1590647769010,
    "duration": 73,
    "pid": 11992,
    "index": 37
  },
  {
    "name": "Require(31) node_modules/egg-security/app/extend/context.js",
    "start": 1590647768938,
    "end": 1590647768950,
    "duration": 12,
    "pid": 11992,
    "index": 38
  },
  {
    "name": "Require(32) node_modules/egg-jsonp/app/extend/context.js",
    "start": 1590647768950,
    "end": 1590647768951,
    "duration": 1,
    "pid": 11992,
    "index": 39
  },
  {
    "name": "Require(33) node_modules/egg-i18n/app/extend/context.js",
    "start": 1590647768951,
    "end": 1590647768952,
    "duration": 1,
    "pid": 11992,
    "index": 40
  },
  {
    "name": "Require(34) node_modules/egg-multipart/app/extend/context.js",
    "start": 1590647768952,
    "end": 1590647769004,
    "duration": 52,
    "pid": 11992,
    "index": 41
  },
  {
    "name": "Require(35) node_modules/egg-view/app/extend/context.js",
    "start": 1590647769005,
    "end": 1590647769005,
    "duration": 0,
    "pid": 11992,
    "index": 42
  },
  {
    "name": "Require(36) node_modules/egg/app/extend/context.js",
    "start": 1590647769006,
    "end": 1590647769007,
    "duration": 1,
    "pid": 11992,
    "index": 43
  },
  {
    "name": "Require(37) app/extend/context.js",
    "start": 1590647769007,
    "end": 1590647769008,
    "duration": 1,
    "pid": 11992,
    "index": 44
  },
  {
    "name": "Load extend/helper.js",
    "start": 1590647769010,
    "end": 1590647769032,
    "duration": 22,
    "pid": 11992,
    "index": 45
  },
  {
    "name": "Require(38) node_modules/egg-security/app/extend/helper.js",
    "start": 1590647769010,
    "end": 1590647769025,
    "duration": 15,
    "pid": 11992,
    "index": 46
  },
  {
    "name": "Require(39) node_modules/egg/app/extend/helper.js",
    "start": 1590647769029,
    "end": 1590647769029,
    "duration": 0,
    "pid": 11992,
    "index": 47
  },
  {
    "name": "Load app.js",
    "start": 1590647769032,
    "end": 1590647769074,
    "duration": 42,
    "pid": 11992,
    "index": 48
  },
  {
    "name": "Require(40) node_modules/egg-session/app.js",
    "start": 1590647769032,
    "end": 1590647769032,
    "duration": 0,
    "pid": 11992,
    "index": 49
  },
  {
    "name": "Require(41) node_modules/egg-security/app.js",
    "start": 1590647769033,
    "end": 1590647769034,
    "duration": 1,
    "pid": 11992,
    "index": 50
  },
  {
    "name": "Require(42) node_modules/egg-onerror/app.js",
    "start": 1590647769034,
    "end": 1590647769042,
    "duration": 8,
    "pid": 11992,
    "index": 51
  },
  {
    "name": "Require(43) node_modules/egg-i18n/app.js",
    "start": 1590647769042,
    "end": 1590647769049,
    "duration": 7,
    "pid": 11992,
    "index": 52
  },
  {
    "name": "Require(44) node_modules/egg-watcher/app.js",
    "start": 1590647769049,
    "end": 1590647769051,
    "duration": 2,
    "pid": 11992,
    "index": 53
  },
  {
    "name": "Require(45) node_modules/egg-schedule/app.js",
    "start": 1590647769052,
    "end": 1590647769053,
    "duration": 1,
    "pid": 11992,
    "index": 54
  },
  {
    "name": "Require(46) node_modules/egg-multipart/app.js",
    "start": 1590647769053,
    "end": 1590647769055,
    "duration": 2,
    "pid": 11992,
    "index": 55
  },
  {
    "name": "Require(47) node_modules/egg-development/app.js",
    "start": 1590647769055,
    "end": 1590647769055,
    "duration": 0,
    "pid": 11992,
    "index": 56
  },
  {
    "name": "Require(48) node_modules/egg-logrotator/app.js",
    "start": 1590647769055,
    "end": 1590647769056,
    "duration": 1,
    "pid": 11992,
    "index": 57
  },
  {
    "name": "Require(49) node_modules/egg-static/app.js",
    "start": 1590647769056,
    "end": 1590647769056,
    "duration": 0,
    "pid": 11992,
    "index": 58
  },
  {
    "name": "Require(50) node_modules/egg-view-nunjucks/app.js",
    "start": 1590647769057,
    "end": 1590647769057,
    "duration": 0,
    "pid": 11992,
    "index": 59
  },
  {
    "name": "Require(51) node_modules/egg-mysql/app.js",
    "start": 1590647769057,
    "end": 1590647769072,
    "duration": 15,
    "pid": 11992,
    "index": 60
  },
  {
    "name": "Require(52) node_modules/egg-cors/app.js",
    "start": 1590647769073,
    "end": 1590647769073,
    "duration": 0,
    "pid": 11992,
    "index": 61
  },
  {
    "name": "Before Start in node_modules/egg-watcher/lib/init.js:15:14",
    "start": 1590647769092,
    "end": 1590647769274,
    "duration": 182,
    "pid": 11992,
    "index": 62
  },
  {
    "name": "Before Start in node_modules/egg-mysql/lib/mysql.js:20:7",
    "start": 1590647769183,
    "end": 1590647769396,
    "duration": 213,
    "pid": 11992,
    "index": 63
  },
  {
    "name": "Load Service",
    "start": 1590647769184,
    "end": 1590647769190,
    "duration": 6,
    "pid": 11992,
    "index": 64
  },
  {
    "name": "Load \"service\" to Context",
    "start": 1590647769184,
    "end": 1590647769190,
    "duration": 6,
    "pid": 11992,
    "index": 65
  },
  {
    "name": "Load Middleware",
    "start": 1590647769190,
    "end": 1590647769244,
    "duration": 54,
    "pid": 11992,
    "index": 66
  },
  {
    "name": "Load \"middlewares\" to Application",
    "start": 1590647769190,
    "end": 1590647769236,
    "duration": 46,
    "pid": 11992,
    "index": 67
  },
  {
    "name": "Load Controller",
    "start": 1590647769244,
    "end": 1590647769250,
    "duration": 6,
    "pid": 11992,
    "index": 68
  },
  {
    "name": "Load \"controller\" to Application",
    "start": 1590647769244,
    "end": 1590647769250,
    "duration": 6,
    "pid": 11992,
    "index": 69
  },
  {
    "name": "Load Router",
    "start": 1590647769250,
    "end": 1590647769253,
    "duration": 3,
    "pid": 11992,
    "index": 70
  },
  {
    "name": "Require(53) app/router.js",
    "start": 1590647769250,
    "end": 1590647769251,
    "duration": 1,
    "pid": 11992,
    "index": 71
  },
  {
    "name": "Before Start in node_modules/egg-core/lib/egg.js:303:10",
    "start": 1590647769251,
    "end": 1590647769266,
    "duration": 15,
    "pid": 11992,
    "index": 72
  }
]