[
  {
    "name": "Application Start",
    "start": 1590647904296,
    "end": 1590647904875,
    "duration": 579,
    "pid": 12432,
    "index": 0
  },
  {
    "name": "Load Plugin",
    "start": 1590647904300,
    "end": 1590647904315,
    "duration": 15,
    "pid": 12432,
    "index": 1
  },
  {
    "name": "Load Config",
    "start": 1590647904315,
    "end": 1590647904333,
    "duration": 18,
    "pid": 12432,
    "index": 2
  },
  {
    "name": "Require(0) config/config.default.js",
    "start": 1590647904316,
    "end": 1590647904316,
    "duration": 0,
    "pid": 12432,
    "index": 3
  },
  {
    "name": "Require(1) node_modules/egg-session/config/config.default.js",
    "start": 1590647904317,
    "end": 1590647904317,
    "duration": 0,
    "pid": 12432,
    "index": 4
  },
  {
    "name": "Require(2) node_modules/egg-security/config/config.default.js",
    "start": 1590647904318,
    "end": 1590647904318,
    "duration": 0,
    "pid": 12432,
    "index": 5
  },
  {
    "name": "Require(3) node_modules/egg-jsonp/config/config.default.js",
    "start": 1590647904319,
    "end": 1590647904320,
    "duration": 1,
    "pid": 12432,
    "index": 6
  },
  {
    "name": "Require(4) node_modules/egg-onerror/config/config.default.js",
    "start": 1590647904320,
    "end": 1590647904320,
    "duration": 0,
    "pid": 12432,
    "index": 7
  },
  {
    "name": "Require(5) node_modules/egg-i18n/config/config.default.js",
    "start": 1590647904321,
    "end": 1590647904321,
    "duration": 0,
    "pid": 12432,
    "index": 8
  },
  {
    "name": "Require(6) node_modules/egg-watcher/config/config.default.js",
    "start": 1590647904321,
    "end": 1590647904322,
    "duration": 1,
    "pid": 12432,
    "index": 9
  },
  {
    "name": "Require(7) node_modules/egg-schedule/config/config.default.js",
    "start": 1590647904322,
    "end": 1590647904322,
    "duration": 0,
    "pid": 12432,
    "index": 10
  },
  {
    "name": "Require(8) node_modules/egg-multipart/config/config.default.js",
    "start": 1590647904323,
    "end": 1590647904323,
    "duration": 0,
    "pid": 12432,
    "index": 11
  },
  {
    "name": "Require(9) node_modules/egg-development/config/config.default.js",
    "start": 1590647904323,
    "end": 1590647904324,
    "duration": 1,
    "pid": 12432,
    "index": 12
  },
  {
    "name": "Require(10) node_modules/egg-logrotator/config/config.default.js",
    "start": 1590647904324,
    "end": 1590647904324,
    "duration": 0,
    "pid": 12432,
    "index": 13
  },
  {
    "name": "Require(11) node_modules/egg-static/config/config.default.js",
    "start": 1590647904325,
    "end": 1590647904325,
    "duration": 0,
    "pid": 12432,
    "index": 14
  },
  {
    "name": "Require(12) node_modules/egg-view/config/config.default.js",
    "start": 1590647904325,
    "end": 1590647904325,
    "duration": 0,
    "pid": 12432,
    "index": 15
  },
  {
    "name": "Require(13) node_modules/egg-view-nunjucks/config/config.default.js",
    "start": 1590647904326,
    "end": 1590647904326,
    "duration": 0,
    "pid": 12432,
    "index": 16
  },
  {
    "name": "Require(14) node_modules/egg-mysql/config/config.default.js",
    "start": 1590647904326,
    "end": 1590647904327,
    "duration": 1,
    "pid": 12432,
    "index": 17
  },
  {
    "name": "Require(15) node_modules/egg-cors/config/config.default.js",
    "start": 1590647904327,
    "end": 1590647904327,
    "duration": 0,
    "pid": 12432,
    "index": 18
  },
  {
    "name": "Require(16) node_modules/egg/config/config.default.js",
    "start": 1590647904327,
    "end": 1590647904328,
    "duration": 1,
    "pid": 12432,
    "index": 19
  },
  {
    "name": "Require(17) config/config.default.js",
    "start": 1590647904329,
    "end": 1590647904329,
    "duration": 0,
    "pid": 12432,
    "index": 20
  },
  {
    "name": "Require(18) node_modules/egg-security/config/config.local.js",
    "start": 1590647904330,
    "end": 1590647904330,
    "duration": 0,
    "pid": 12432,
    "index": 21
  },
  {
    "name": "Require(19) node_modules/egg-watcher/config/config.local.js",
    "start": 1590647904331,
    "end": 1590647904331,
    "duration": 0,
    "pid": 12432,
    "index": 22
  },
  {
    "name": "Require(20) node_modules/egg-view/config/config.local.js",
    "start": 1590647904332,
    "end": 1590647904332,
    "duration": 0,
    "pid": 12432,
    "index": 23
  },
  {
    "name": "Require(21) node_modules/egg-view-nunjucks/config/config.local.js",
    "start": 1590647904332,
    "end": 1590647904332,
    "duration": 0,
    "pid": 12432,
    "index": 24
  },
  {
    "name": "Require(22) node_modules/egg/config/config.local.js",
    "start": 1590647904333,
    "end": 1590647904333,
    "duration": 0,
    "pid": 12432,
    "index": 25
  },
  {
    "name": "Load extend/application.js",
    "start": 1590647904334,
    "end": 1590647904387,
    "duration": 53,
    "pid": 12432,
    "index": 26
  },
  {
    "name": "Require(23) node_modules/egg-session/app/extend/application.js",
    "start": 1590647904335,
    "end": 1590647904335,
    "duration": 0,
    "pid": 12432,
    "index": 27
  },
  {
    "name": "Require(24) node_modules/egg-security/app/extend/application.js",
    "start": 1590647904336,
    "end": 1590647904337,
    "duration": 1,
    "pid": 12432,
    "index": 28
  },
  {
    "name": "Require(25) node_modules/egg-jsonp/app/extend/application.js",
    "start": 1590647904337,
    "end": 1590647904338,
    "duration": 1,
    "pid": 12432,
    "index": 29
  },
  {
    "name": "Require(26) node_modules/egg-logrotator/app/extend/application.js",
    "start": 1590647904339,
    "end": 1590647904344,
    "duration": 5,
    "pid": 12432,
    "index": 30
  },
  {
    "name": "Require(27) node_modules/egg-view/app/extend/application.js",
    "start": 1590647904344,
    "end": 1590647904345,
    "duration": 1,
    "pid": 12432,
    "index": 31
  },
  {
    "name": "Require(28) node_modules/egg-view-nunjucks/app/extend/application.js",
    "start": 1590647904345,
    "end": 1590647904384,
    "duration": 39,
    "pid": 12432,
    "index": 32
  },
  {
    "name": "Load extend/request.js",
    "start": 1590647904387,
    "end": 1590647904392,
    "duration": 5,
    "pid": 12432,
    "index": 33
  },
  {
    "name": "Require(29) node_modules/egg/app/extend/request.js",
    "start": 1590647904389,
    "end": 1590647904390,
    "duration": 1,
    "pid": 12432,
    "index": 34
  },
  {
    "name": "Load extend/response.js",
    "start": 1590647904392,
    "end": 1590647904398,
    "duration": 6,
    "pid": 12432,
    "index": 35
  },
  {
    "name": "Require(30) node_modules/egg/app/extend/response.js",
    "start": 1590647904395,
    "end": 1590647904396,
    "duration": 1,
    "pid": 12432,
    "index": 36
  },
  {
    "name": "Load extend/context.js",
    "start": 1590647904398,
    "end": 1590647904471,
    "duration": 73,
    "pid": 12432,
    "index": 37
  },
  {
    "name": "Require(31) node_modules/egg-security/app/extend/context.js",
    "start": 1590647904398,
    "end": 1590647904410,
    "duration": 12,
    "pid": 12432,
    "index": 38
  },
  {
    "name": "Require(32) node_modules/egg-jsonp/app/extend/context.js",
    "start": 1590647904410,
    "end": 1590647904411,
    "duration": 1,
    "pid": 12432,
    "index": 39
  },
  {
    "name": "Require(33) node_modules/egg-i18n/app/extend/context.js",
    "start": 1590647904411,
    "end": 1590647904412,
    "duration": 1,
    "pid": 12432,
    "index": 40
  },
  {
    "name": "Require(34) node_modules/egg-multipart/app/extend/context.js",
    "start": 1590647904412,
    "end": 1590647904464,
    "duration": 52,
    "pid": 12432,
    "index": 41
  },
  {
    "name": "Require(35) node_modules/egg-view/app/extend/context.js",
    "start": 1590647904465,
    "end": 1590647904466,
    "duration": 1,
    "pid": 12432,
    "index": 42
  },
  {
    "name": "Require(36) node_modules/egg/app/extend/context.js",
    "start": 1590647904467,
    "end": 1590647904468,
    "duration": 1,
    "pid": 12432,
    "index": 43
  },
  {
    "name": "Require(37) app/extend/context.js",
    "start": 1590647904468,
    "end": 1590647904468,
    "duration": 0,
    "pid": 12432,
    "index": 44
  },
  {
    "name": "Load extend/helper.js",
    "start": 1590647904471,
    "end": 1590647904493,
    "duration": 22,
    "pid": 12432,
    "index": 45
  },
  {
    "name": "Require(38) node_modules/egg-security/app/extend/helper.js",
    "start": 1590647904471,
    "end": 1590647904486,
    "duration": 15,
    "pid": 12432,
    "index": 46
  },
  {
    "name": "Require(39) node_modules/egg/app/extend/helper.js",
    "start": 1590647904491,
    "end": 1590647904491,
    "duration": 0,
    "pid": 12432,
    "index": 47
  },
  {
    "name": "Load app.js",
    "start": 1590647904493,
    "end": 1590647904532,
    "duration": 39,
    "pid": 12432,
    "index": 48
  },
  {
    "name": "Require(40) node_modules/egg-session/app.js",
    "start": 1590647904494,
    "end": 1590647904494,
    "duration": 0,
    "pid": 12432,
    "index": 49
  },
  {
    "name": "Require(41) node_modules/egg-security/app.js",
    "start": 1590647904494,
    "end": 1590647904495,
    "duration": 1,
    "pid": 12432,
    "index": 50
  },
  {
    "name": "Require(42) node_modules/egg-onerror/app.js",
    "start": 1590647904496,
    "end": 1590647904503,
    "duration": 7,
    "pid": 12432,
    "index": 51
  },
  {
    "name": "Require(43) node_modules/egg-i18n/app.js",
    "start": 1590647904503,
    "end": 1590647904510,
    "duration": 7,
    "pid": 12432,
    "index": 52
  },
  {
    "name": "Require(44) node_modules/egg-watcher/app.js",
    "start": 1590647904510,
    "end": 1590647904513,
    "duration": 3,
    "pid": 12432,
    "index": 53
  },
  {
    "name": "Require(45) node_modules/egg-schedule/app.js",
    "start": 1590647904513,
    "end": 1590647904514,
    "duration": 1,
    "pid": 12432,
    "index": 54
  },
  {
    "name": "Require(46) node_modules/egg-multipart/app.js",
    "start": 1590647904514,
    "end": 1590647904516,
    "duration": 2,
    "pid": 12432,
    "index": 55
  },
  {
    "name": "Require(47) node_modules/egg-development/app.js",
    "start": 1590647904516,
    "end": 1590647904516,
    "duration": 0,
    "pid": 12432,
    "index": 56
  },
  {
    "name": "Require(48) node_modules/egg-logrotator/app.js",
    "start": 1590647904517,
    "end": 1590647904517,
    "duration": 0,
    "pid": 12432,
    "index": 57
  },
  {
    "name": "Require(49) node_modules/egg-static/app.js",
    "start": 1590647904517,
    "end": 1590647904517,
    "duration": 0,
    "pid": 12432,
    "index": 58
  },
  {
    "name": "Require(50) node_modules/egg-view-nunjucks/app.js",
    "start": 1590647904518,
    "end": 1590647904518,
    "duration": 0,
    "pid": 12432,
    "index": 59
  },
  {
    "name": "Require(51) node_modules/egg-mysql/app.js",
    "start": 1590647904519,
    "end": 1590647904531,
    "duration": 12,
    "pid": 12432,
    "index": 60
  },
  {
    "name": "Require(52) node_modules/egg-cors/app.js",
    "start": 1590647904531,
    "end": 1590647904531,
    "duration": 0,
    "pid": 12432,
    "index": 61
  },
  {
    "name": "Before Start in node_modules/egg-watcher/lib/init.js:15:14",
    "start": 1590647904548,
    "end": 1590647904757,
    "duration": 209,
    "pid": 12432,
    "index": 62
  },
  {
    "name": "Before Start in node_modules/egg-mysql/lib/mysql.js:20:7",
    "start": 1590647904655,
    "end": 1590647904875,
    "duration": 220,
    "pid": 12432,
    "index": 63
  },
  {
    "name": "Load Service",
    "start": 1590647904655,
    "end": 1590647904664,
    "duration": 9,
    "pid": 12432,
    "index": 64
  },
  {
    "name": "Load \"service\" to Context",
    "start": 1590647904655,
    "end": 1590647904664,
    "duration": 9,
    "pid": 12432,
    "index": 65
  },
  {
    "name": "Load Middleware",
    "start": 1590647904664,
    "end": 1590647904721,
    "duration": 57,
    "pid": 12432,
    "index": 66
  },
  {
    "name": "Load \"middlewares\" to Application",
    "start": 1590647904664,
    "end": 1590647904713,
    "duration": 49,
    "pid": 12432,
    "index": 67
  },
  {
    "name": "Load Controller",
    "start": 1590647904721,
    "end": 1590647904728,
    "duration": 7,
    "pid": 12432,
    "index": 68
  },
  {
    "name": "Load \"controller\" to Application",
    "start": 1590647904721,
    "end": 1590647904728,
    "duration": 7,
    "pid": 12432,
    "index": 69
  },
  {
    "name": "Load Router",
    "start": 1590647904728,
    "end": 1590647904731,
    "duration": 3,
    "pid": 12432,
    "index": 70
  },
  {
    "name": "Require(53) app/router.js",
    "start": 1590647904728,
    "end": 1590647904728,
    "duration": 0,
    "pid": 12432,
    "index": 71
  },
  {
    "name": "Before Start in node_modules/egg-core/lib/egg.js:303:10",
    "start": 1590647904729,
    "end": 1590647904747,
    "duration": 18,
    "pid": 12432,
    "index": 72
  }
]