[
  {
    "name": "Application Start",
    "start": 1590648020459,
    "end": 1590648021088,
    "duration": 629,
    "pid": 6152,
    "index": 0
  },
  {
    "name": "Load Plugin",
    "start": 1590648020463,
    "end": 1590648020479,
    "duration": 16,
    "pid": 6152,
    "index": 1
  },
  {
    "name": "Load Config",
    "start": 1590648020479,
    "end": 1590648020500,
    "duration": 21,
    "pid": 6152,
    "index": 2
  },
  {
    "name": "Require(0) config/config.default.js",
    "start": 1590648020480,
    "end": 1590648020481,
    "duration": 1,
    "pid": 6152,
    "index": 3
  },
  {
    "name": "Require(1) node_modules/egg-session/config/config.default.js",
    "start": 1590648020482,
    "end": 1590648020482,
    "duration": 0,
    "pid": 6152,
    "index": 4
  },
  {
    "name": "Require(2) node_modules/egg-security/config/config.default.js",
    "start": 1590648020483,
    "end": 1590648020483,
    "duration": 0,
    "pid": 6152,
    "index": 5
  },
  {
    "name": "Require(3) node_modules/egg-jsonp/config/config.default.js",
    "start": 1590648020484,
    "end": 1590648020484,
    "duration": 0,
    "pid": 6152,
    "index": 6
  },
  {
    "name": "Require(4) node_modules/egg-onerror/config/config.default.js",
    "start": 1590648020485,
    "end": 1590648020485,
    "duration": 0,
    "pid": 6152,
    "index": 7
  },
  {
    "name": "Require(5) node_modules/egg-i18n/config/config.default.js",
    "start": 1590648020485,
    "end": 1590648020485,
    "duration": 0,
    "pid": 6152,
    "index": 8
  },
  {
    "name": "Require(6) node_modules/egg-watcher/config/config.default.js",
    "start": 1590648020487,
    "end": 1590648020487,
    "duration": 0,
    "pid": 6152,
    "index": 9
  },
  {
    "name": "Require(7) node_modules/egg-schedule/config/config.default.js",
    "start": 1590648020487,
    "end": 1590648020488,
    "duration": 1,
    "pid": 6152,
    "index": 10
  },
  {
    "name": "Require(8) node_modules/egg-multipart/config/config.default.js",
    "start": 1590648020488,
    "end": 1590648020488,
    "duration": 0,
    "pid": 6152,
    "index": 11
  },
  {
    "name": "Require(9) node_modules/egg-development/config/config.default.js",
    "start": 1590648020489,
    "end": 1590648020489,
    "duration": 0,
    "pid": 6152,
    "index": 12
  },
  {
    "name": "Require(10) node_modules/egg-logrotator/config/config.default.js",
    "start": 1590648020490,
    "end": 1590648020490,
    "duration": 0,
    "pid": 6152,
    "index": 13
  },
  {
    "name": "Require(11) node_modules/egg-static/config/config.default.js",
    "start": 1590648020490,
    "end": 1590648020491,
    "duration": 1,
    "pid": 6152,
    "index": 14
  },
  {
    "name": "Require(12) node_modules/egg-view/config/config.default.js",
    "start": 1590648020491,
    "end": 1590648020492,
    "duration": 1,
    "pid": 6152,
    "index": 15
  },
  {
    "name": "Require(13) node_modules/egg-view-nunjucks/config/config.default.js",
    "start": 1590648020492,
    "end": 1590648020493,
    "duration": 1,
    "pid": 6152,
    "index": 16
  },
  {
    "name": "Require(14) node_modules/egg-mysql/config/config.default.js",
    "start": 1590648020493,
    "end": 1590648020494,
    "duration": 1,
    "pid": 6152,
    "index": 17
  },
  {
    "name": "Require(15) node_modules/egg-cors/config/config.default.js",
    "start": 1590648020494,
    "end": 1590648020494,
    "duration": 0,
    "pid": 6152,
    "index": 18
  },
  {
    "name": "Require(16) node_modules/egg/config/config.default.js",
    "start": 1590648020494,
    "end": 1590648020495,
    "duration": 1,
    "pid": 6152,
    "index": 19
  },
  {
    "name": "Require(17) config/config.default.js",
    "start": 1590648020496,
    "end": 1590648020497,
    "duration": 1,
    "pid": 6152,
    "index": 20
  },
  {
    "name": "Require(18) node_modules/egg-security/config/config.local.js",
    "start": 1590648020497,
    "end": 1590648020497,
    "duration": 0,
    "pid": 6152,
    "index": 21
  },
  {
    "name": "Require(19) node_modules/egg-watcher/config/config.local.js",
    "start": 1590648020498,
    "end": 1590648020498,
    "duration": 0,
    "pid": 6152,
    "index": 22
  },
  {
    "name": "Require(20) node_modules/egg-view/config/config.local.js",
    "start": 1590648020499,
    "end": 1590648020499,
    "duration": 0,
    "pid": 6152,
    "index": 23
  },
  {
    "name": "Require(21) node_modules/egg-view-nunjucks/config/config.local.js",
    "start": 1590648020499,
    "end": 1590648020500,
    "duration": 1,
    "pid": 6152,
    "index": 24
  },
  {
    "name": "Require(22) node_modules/egg/config/config.local.js",
    "start": 1590648020500,
    "end": 1590648020500,
    "duration": 0,
    "pid": 6152,
    "index": 25
  },
  {
    "name": "Load extend/application.js",
    "start": 1590648020502,
    "end": 1590648020562,
    "duration": 60,
    "pid": 6152,
    "index": 26
  },
  {
    "name": "Require(23) node_modules/egg-session/app/extend/application.js",
    "start": 1590648020503,
    "end": 1590648020503,
    "duration": 0,
    "pid": 6152,
    "index": 27
  },
  {
    "name": "Require(24) node_modules/egg-security/app/extend/application.js",
    "start": 1590648020503,
    "end": 1590648020505,
    "duration": 2,
    "pid": 6152,
    "index": 28
  },
  {
    "name": "Require(25) node_modules/egg-jsonp/app/extend/application.js",
    "start": 1590648020505,
    "end": 1590648020506,
    "duration": 1,
    "pid": 6152,
    "index": 29
  },
  {
    "name": "Require(26) node_modules/egg-logrotator/app/extend/application.js",
    "start": 1590648020508,
    "end": 1590648020512,
    "duration": 4,
    "pid": 6152,
    "index": 30
  },
  {
    "name": "Require(27) node_modules/egg-view/app/extend/application.js",
    "start": 1590648020513,
    "end": 1590648020514,
    "duration": 1,
    "pid": 6152,
    "index": 31
  },
  {
    "name": "Require(28) node_modules/egg-view-nunjucks/app/extend/application.js",
    "start": 1590648020514,
    "end": 1590648020559,
    "duration": 45,
    "pid": 6152,
    "index": 32
  },
  {
    "name": "Load extend/request.js",
    "start": 1590648020562,
    "end": 1590648020568,
    "duration": 6,
    "pid": 6152,
    "index": 33
  },
  {
    "name": "Require(29) node_modules/egg/app/extend/request.js",
    "start": 1590648020564,
    "end": 1590648020566,
    "duration": 2,
    "pid": 6152,
    "index": 34
  },
  {
    "name": "Load extend/response.js",
    "start": 1590648020568,
    "end": 1590648020573,
    "duration": 5,
    "pid": 6152,
    "index": 35
  },
  {
    "name": "Require(30) node_modules/egg/app/extend/response.js",
    "start": 1590648020570,
    "end": 1590648020571,
    "duration": 1,
    "pid": 6152,
    "index": 36
  },
  {
    "name": "Load extend/context.js",
    "start": 1590648020573,
    "end": 1590648020650,
    "duration": 77,
    "pid": 6152,
    "index": 37
  },
  {
    "name": "Require(31) node_modules/egg-security/app/extend/context.js",
    "start": 1590648020574,
    "end": 1590648020586,
    "duration": 12,
    "pid": 6152,
    "index": 38
  },
  {
    "name": "Require(32) node_modules/egg-jsonp/app/extend/context.js",
    "start": 1590648020586,
    "end": 1590648020587,
    "duration": 1,
    "pid": 6152,
    "index": 39
  },
  {
    "name": "Require(33) node_modules/egg-i18n/app/extend/context.js",
    "start": 1590648020588,
    "end": 1590648020589,
    "duration": 1,
    "pid": 6152,
    "index": 40
  },
  {
    "name": "Require(34) node_modules/egg-multipart/app/extend/context.js",
    "start": 1590648020589,
    "end": 1590648020645,
    "duration": 56,
    "pid": 6152,
    "index": 41
  },
  {
    "name": "Require(35) node_modules/egg-view/app/extend/context.js",
    "start": 1590648020645,
    "end": 1590648020646,
    "duration": 1,
    "pid": 6152,
    "index": 42
  },
  {
    "name": "Require(36) node_modules/egg/app/extend/context.js",
    "start": 1590648020647,
    "end": 1590648020648,
    "duration": 1,
    "pid": 6152,
    "index": 43
  },
  {
    "name": "Require(37) app/extend/context.js",
    "start": 1590648020648,
    "end": 1590648020648,
    "duration": 0,
    "pid": 6152,
    "index": 44
  },
  {
    "name": "Load extend/helper.js",
    "start": 1590648020651,
    "end": 1590648020684,
    "duration": 33,
    "pid": 6152,
    "index": 45
  },
  {
    "name": "Require(38) node_modules/egg-security/app/extend/helper.js",
    "start": 1590648020651,
    "end": 1590648020670,
    "duration": 19,
    "pid": 6152,
    "index": 46
  },
  {
    "name": "Require(39) node_modules/egg/app/extend/helper.js",
    "start": 1590648020674,
    "end": 1590648020674,
    "duration": 0,
    "pid": 6152,
    "index": 47
  },
  {
    "name": "Load app.js",
    "start": 1590648020685,
    "end": 1590648020743,
    "duration": 58,
    "pid": 6152,
    "index": 48
  },
  {
    "name": "Require(40) node_modules/egg-session/app.js",
    "start": 1590648020686,
    "end": 1590648020687,
    "duration": 1,
    "pid": 6152,
    "index": 49
  },
  {
    "name": "Require(41) node_modules/egg-security/app.js",
    "start": 1590648020688,
    "end": 1590648020692,
    "duration": 4,
    "pid": 6152,
    "index": 50
  },
  {
    "name": "Require(42) node_modules/egg-onerror/app.js",
    "start": 1590648020693,
    "end": 1590648020701,
    "duration": 8,
    "pid": 6152,
    "index": 51
  },
  {
    "name": "Require(43) node_modules/egg-i18n/app.js",
    "start": 1590648020701,
    "end": 1590648020710,
    "duration": 9,
    "pid": 6152,
    "index": 52
  },
  {
    "name": "Require(44) node_modules/egg-watcher/app.js",
    "start": 1590648020710,
    "end": 1590648020715,
    "duration": 5,
    "pid": 6152,
    "index": 53
  },
  {
    "name": "Require(45) node_modules/egg-schedule/app.js",
    "start": 1590648020715,
    "end": 1590648020717,
    "duration": 2,
    "pid": 6152,
    "index": 54
  },
  {
    "name": "Require(46) node_modules/egg-multipart/app.js",
    "start": 1590648020717,
    "end": 1590648020720,
    "duration": 3,
    "pid": 6152,
    "index": 55
  },
  {
    "name": "Require(47) node_modules/egg-development/app.js",
    "start": 1590648020720,
    "end": 1590648020720,
    "duration": 0,
    "pid": 6152,
    "index": 56
  },
  {
    "name": "Require(48) node_modules/egg-logrotator/app.js",
    "start": 1590648020721,
    "end": 1590648020721,
    "duration": 0,
    "pid": 6152,
    "index": 57
  },
  {
    "name": "Require(49) node_modules/egg-static/app.js",
    "start": 1590648020722,
    "end": 1590648020722,
    "duration": 0,
    "pid": 6152,
    "index": 58
  },
  {
    "name": "Require(50) node_modules/egg-view-nunjucks/app.js",
    "start": 1590648020723,
    "end": 1590648020723,
    "duration": 0,
    "pid": 6152,
    "index": 59
  },
  {
    "name": "Require(51) node_modules/egg-mysql/app.js",
    "start": 1590648020723,
    "end": 1590648020742,
    "duration": 19,
    "pid": 6152,
    "index": 60
  },
  {
    "name": "Require(52) node_modules/egg-cors/app.js",
    "start": 1590648020742,
    "end": 1590648020742,
    "duration": 0,
    "pid": 6152,
    "index": 61
  },
  {
    "name": "Before Start in node_modules/egg-watcher/lib/init.js:15:14",
    "start": 1590648020761,
    "end": 1590648020970,
    "duration": 209,
    "pid": 6152,
    "index": 62
  },
  {
    "name": "Before Start in node_modules/egg-mysql/lib/mysql.js:20:7",
    "start": 1590648020854,
    "end": 1590648021088,
    "duration": 234,
    "pid": 6152,
    "index": 63
  },
  {
    "name": "Load Service",
    "start": 1590648020854,
    "end": 1590648020862,
    "duration": 8,
    "pid": 6152,
    "index": 64
  },
  {
    "name": "Load \"service\" to Context",
    "start": 1590648020854,
    "end": 1590648020862,
    "duration": 8,
    "pid": 6152,
    "index": 65
  },
  {
    "name": "Load Middleware",
    "start": 1590648020862,
    "end": 1590648020938,
    "duration": 76,
    "pid": 6152,
    "index": 66
  },
  {
    "name": "Load \"middlewares\" to Application",
    "start": 1590648020862,
    "end": 1590648020925,
    "duration": 63,
    "pid": 6152,
    "index": 67
  },
  {
    "name": "Load Controller",
    "start": 1590648020938,
    "end": 1590648020945,
    "duration": 7,
    "pid": 6152,
    "index": 68
  },
  {
    "name": "Load \"controller\" to Application",
    "start": 1590648020938,
    "end": 1590648020945,
    "duration": 7,
    "pid": 6152,
    "index": 69
  },
  {
    "name": "Load Router",
    "start": 1590648020945,
    "end": 1590648020947,
    "duration": 2,
    "pid": 6152,
    "index": 70
  },
  {
    "name": "Require(53) app/router.js",
    "start": 1590648020945,
    "end": 1590648020945,
    "duration": 0,
    "pid": 6152,
    "index": 71
  },
  {
    "name": "Before Start in node_modules/egg-core/lib/egg.js:303:10",
    "start": 1590648020946,
    "end": 1590648020961,
    "duration": 15,
    "pid": 6152,
    "index": 72
  }
]