[
  {
    "name": "Application Start",
    "start": 1590648242812,
    "end": 1590648243394,
    "duration": 582,
    "pid": 9408,
    "index": 0
  },
  {
    "name": "Load Plugin",
    "start": 1590648242816,
    "end": 1590648242832,
    "duration": 16,
    "pid": 9408,
    "index": 1
  },
  {
    "name": "Load Config",
    "start": 1590648242832,
    "end": 1590648242850,
    "duration": 18,
    "pid": 9408,
    "index": 2
  },
  {
    "name": "Require(0) config/config.default.js",
    "start": 1590648242833,
    "end": 1590648242833,
    "duration": 0,
    "pid": 9408,
    "index": 3
  },
  {
    "name": "Require(1) node_modules/egg-session/config/config.default.js",
    "start": 1590648242835,
    "end": 1590648242835,
    "duration": 0,
    "pid": 9408,
    "index": 4
  },
  {
    "name": "Require(2) node_modules/egg-security/config/config.default.js",
    "start": 1590648242835,
    "end": 1590648242835,
    "duration": 0,
    "pid": 9408,
    "index": 5
  },
  {
    "name": "Require(3) node_modules/egg-jsonp/config/config.default.js",
    "start": 1590648242836,
    "end": 1590648242837,
    "duration": 1,
    "pid": 9408,
    "index": 6
  },
  {
    "name": "Require(4) node_modules/egg-onerror/config/config.default.js",
    "start": 1590648242837,
    "end": 1590648242837,
    "duration": 0,
    "pid": 9408,
    "index": 7
  },
  {
    "name": "Require(5) node_modules/egg-i18n/config/config.default.js",
    "start": 1590648242838,
    "end": 1590648242838,
    "duration": 0,
    "pid": 9408,
    "index": 8
  },
  {
    "name": "Require(6) node_modules/egg-watcher/config/config.default.js",
    "start": 1590648242838,
    "end": 1590648242838,
    "duration": 0,
    "pid": 9408,
    "index": 9
  },
  {
    "name": "Require(7) node_modules/egg-schedule/config/config.default.js",
    "start": 1590648242839,
    "end": 1590648242839,
    "duration": 0,
    "pid": 9408,
    "index": 10
  },
  {
    "name": "Require(8) node_modules/egg-multipart/config/config.default.js",
    "start": 1590648242839,
    "end": 1590648242840,
    "duration": 1,
    "pid": 9408,
    "index": 11
  },
  {
    "name": "Require(9) node_modules/egg-development/config/config.default.js",
    "start": 1590648242840,
    "end": 1590648242841,
    "duration": 1,
    "pid": 9408,
    "index": 12
  },
  {
    "name": "Require(10) node_modules/egg-logrotator/config/config.default.js",
    "start": 1590648242841,
    "end": 1590648242841,
    "duration": 0,
    "pid": 9408,
    "index": 13
  },
  {
    "name": "Require(11) node_modules/egg-static/config/config.default.js",
    "start": 1590648242842,
    "end": 1590648242842,
    "duration": 0,
    "pid": 9408,
    "index": 14
  },
  {
    "name": "Require(12) node_modules/egg-view/config/config.default.js",
    "start": 1590648242842,
    "end": 1590648242843,
    "duration": 1,
    "pid": 9408,
    "index": 15
  },
  {
    "name": "Require(13) node_modules/egg-view-nunjucks/config/config.default.js",
    "start": 1590648242843,
    "end": 1590648242843,
    "duration": 0,
    "pid": 9408,
    "index": 16
  },
  {
    "name": "Require(14) node_modules/egg-mysql/config/config.default.js",
    "start": 1590648242844,
    "end": 1590648242844,
    "duration": 0,
    "pid": 9408,
    "index": 17
  },
  {
    "name": "Require(15) node_modules/egg-cors/config/config.default.js",
    "start": 1590648242844,
    "end": 1590648242844,
    "duration": 0,
    "pid": 9408,
    "index": 18
  },
  {
    "name": "Require(16) node_modules/egg/config/config.default.js",
    "start": 1590648242845,
    "end": 1590648242845,
    "duration": 0,
    "pid": 9408,
    "index": 19
  },
  {
    "name": "Require(17) config/config.default.js",
    "start": 1590648242847,
    "end": 1590648242847,
    "duration": 0,
    "pid": 9408,
    "index": 20
  },
  {
    "name": "Require(18) node_modules/egg-security/config/config.local.js",
    "start": 1590648242847,
    "end": 1590648242847,
    "duration": 0,
    "pid": 9408,
    "index": 21
  },
  {
    "name": "Require(19) node_modules/egg-watcher/config/config.local.js",
    "start": 1590648242848,
    "end": 1590648242848,
    "duration": 0,
    "pid": 9408,
    "index": 22
  },
  {
    "name": "Require(20) node_modules/egg-view/config/config.local.js",
    "start": 1590648242849,
    "end": 1590648242849,
    "duration": 0,
    "pid": 9408,
    "index": 23
  },
  {
    "name": "Require(21) node_modules/egg-view-nunjucks/config/config.local.js",
    "start": 1590648242849,
    "end": 1590648242849,
    "duration": 0,
    "pid": 9408,
    "index": 24
  },
  {
    "name": "Require(22) node_modules/egg/config/config.local.js",
    "start": 1590648242850,
    "end": 1590648242850,
    "duration": 0,
    "pid": 9408,
    "index": 25
  },
  {
    "name": "Load extend/application.js",
    "start": 1590648242851,
    "end": 1590648242905,
    "duration": 54,
    "pid": 9408,
    "index": 26
  },
  {
    "name": "Require(23) node_modules/egg-session/app/extend/application.js",
    "start": 1590648242852,
    "end": 1590648242852,
    "duration": 0,
    "pid": 9408,
    "index": 27
  },
  {
    "name": "Require(24) node_modules/egg-security/app/extend/application.js",
    "start": 1590648242852,
    "end": 1590648242853,
    "duration": 1,
    "pid": 9408,
    "index": 28
  },
  {
    "name": "Require(25) node_modules/egg-jsonp/app/extend/application.js",
    "start": 1590648242853,
    "end": 1590648242854,
    "duration": 1,
    "pid": 9408,
    "index": 29
  },
  {
    "name": "Require(26) node_modules/egg-logrotator/app/extend/application.js",
    "start": 1590648242855,
    "end": 1590648242860,
    "duration": 5,
    "pid": 9408,
    "index": 30
  },
  {
    "name": "Require(27) node_modules/egg-view/app/extend/application.js",
    "start": 1590648242861,
    "end": 1590648242862,
    "duration": 1,
    "pid": 9408,
    "index": 31
  },
  {
    "name": "Require(28) node_modules/egg-view-nunjucks/app/extend/application.js",
    "start": 1590648242862,
    "end": 1590648242903,
    "duration": 41,
    "pid": 9408,
    "index": 32
  },
  {
    "name": "Load extend/request.js",
    "start": 1590648242905,
    "end": 1590648242912,
    "duration": 7,
    "pid": 9408,
    "index": 33
  },
  {
    "name": "Require(29) node_modules/egg/app/extend/request.js",
    "start": 1590648242908,
    "end": 1590648242909,
    "duration": 1,
    "pid": 9408,
    "index": 34
  },
  {
    "name": "Load extend/response.js",
    "start": 1590648242912,
    "end": 1590648242917,
    "duration": 5,
    "pid": 9408,
    "index": 35
  },
  {
    "name": "Require(30) node_modules/egg/app/extend/response.js",
    "start": 1590648242914,
    "end": 1590648242915,
    "duration": 1,
    "pid": 9408,
    "index": 36
  },
  {
    "name": "Load extend/context.js",
    "start": 1590648242918,
    "end": 1590648242997,
    "duration": 79,
    "pid": 9408,
    "index": 37
  },
  {
    "name": "Require(31) node_modules/egg-security/app/extend/context.js",
    "start": 1590648242918,
    "end": 1590648242933,
    "duration": 15,
    "pid": 9408,
    "index": 38
  },
  {
    "name": "Require(32) node_modules/egg-jsonp/app/extend/context.js",
    "start": 1590648242933,
    "end": 1590648242934,
    "duration": 1,
    "pid": 9408,
    "index": 39
  },
  {
    "name": "Require(33) node_modules/egg-i18n/app/extend/context.js",
    "start": 1590648242935,
    "end": 1590648242935,
    "duration": 0,
    "pid": 9408,
    "index": 40
  },
  {
    "name": "Require(34) node_modules/egg-multipart/app/extend/context.js",
    "start": 1590648242936,
    "end": 1590648242991,
    "duration": 55,
    "pid": 9408,
    "index": 41
  },
  {
    "name": "Require(35) node_modules/egg-view/app/extend/context.js",
    "start": 1590648242991,
    "end": 1590648242993,
    "duration": 2,
    "pid": 9408,
    "index": 42
  },
  {
    "name": "Require(36) node_modules/egg/app/extend/context.js",
    "start": 1590648242993,
    "end": 1590648242994,
    "duration": 1,
    "pid": 9408,
    "index": 43
  },
  {
    "name": "Require(37) app/extend/context.js",
    "start": 1590648242995,
    "end": 1590648242995,
    "duration": 0,
    "pid": 9408,
    "index": 44
  },
  {
    "name": "Load extend/helper.js",
    "start": 1590648242997,
    "end": 1590648243019,
    "duration": 22,
    "pid": 9408,
    "index": 45
  },
  {
    "name": "Require(38) node_modules/egg-security/app/extend/helper.js",
    "start": 1590648242998,
    "end": 1590648243015,
    "duration": 17,
    "pid": 9408,
    "index": 46
  },
  {
    "name": "Require(39) node_modules/egg/app/extend/helper.js",
    "start": 1590648243017,
    "end": 1590648243017,
    "duration": 0,
    "pid": 9408,
    "index": 47
  },
  {
    "name": "Load app.js",
    "start": 1590648243020,
    "end": 1590648243060,
    "duration": 40,
    "pid": 9408,
    "index": 48
  },
  {
    "name": "Require(40) node_modules/egg-session/app.js",
    "start": 1590648243020,
    "end": 1590648243020,
    "duration": 0,
    "pid": 9408,
    "index": 49
  },
  {
    "name": "Require(41) node_modules/egg-security/app.js",
    "start": 1590648243021,
    "end": 1590648243022,
    "duration": 1,
    "pid": 9408,
    "index": 50
  },
  {
    "name": "Require(42) node_modules/egg-onerror/app.js",
    "start": 1590648243022,
    "end": 1590648243030,
    "duration": 8,
    "pid": 9408,
    "index": 51
  },
  {
    "name": "Require(43) node_modules/egg-i18n/app.js",
    "start": 1590648243030,
    "end": 1590648243037,
    "duration": 7,
    "pid": 9408,
    "index": 52
  },
  {
    "name": "Require(44) node_modules/egg-watcher/app.js",
    "start": 1590648243037,
    "end": 1590648243039,
    "duration": 2,
    "pid": 9408,
    "index": 53
  },
  {
    "name": "Require(45) node_modules/egg-schedule/app.js",
    "start": 1590648243040,
    "end": 1590648243041,
    "duration": 1,
    "pid": 9408,
    "index": 54
  },
  {
    "name": "Require(46) node_modules/egg-multipart/app.js",
    "start": 1590648243041,
    "end": 1590648243043,
    "duration": 2,
    "pid": 9408,
    "index": 55
  },
  {
    "name": "Require(47) node_modules/egg-development/app.js",
    "start": 1590648243044,
    "end": 1590648243044,
    "duration": 0,
    "pid": 9408,
    "index": 56
  },
  {
    "name": "Require(48) node_modules/egg-logrotator/app.js",
    "start": 1590648243044,
    "end": 1590648243044,
    "duration": 0,
    "pid": 9408,
    "index": 57
  },
  {
    "name": "Require(49) node_modules/egg-static/app.js",
    "start": 1590648243045,
    "end": 1590648243045,
    "duration": 0,
    "pid": 9408,
    "index": 58
  },
  {
    "name": "Require(50) node_modules/egg-view-nunjucks/app.js",
    "start": 1590648243045,
    "end": 1590648243046,
    "duration": 1,
    "pid": 9408,
    "index": 59
  },
  {
    "name": "Require(51) node_modules/egg-mysql/app.js",
    "start": 1590648243046,
    "end": 1590648243058,
    "duration": 12,
    "pid": 9408,
    "index": 60
  },
  {
    "name": "Require(52) node_modules/egg-cors/app.js",
    "start": 1590648243058,
    "end": 1590648243059,
    "duration": 1,
    "pid": 9408,
    "index": 61
  },
  {
    "name": "Before Start in node_modules/egg-watcher/lib/init.js:15:14",
    "start": 1590648243074,
    "end": 1590648243250,
    "duration": 176,
    "pid": 9408,
    "index": 62
  },
  {
    "name": "Before Start in node_modules/egg-mysql/lib/mysql.js:20:7",
    "start": 1590648243158,
    "end": 1590648243393,
    "duration": 235,
    "pid": 9408,
    "index": 63
  },
  {
    "name": "Load Service",
    "start": 1590648243158,
    "end": 1590648243167,
    "duration": 9,
    "pid": 9408,
    "index": 64
  },
  {
    "name": "Load \"service\" to Context",
    "start": 1590648243159,
    "end": 1590648243167,
    "duration": 8,
    "pid": 9408,
    "index": 65
  },
  {
    "name": "Load Middleware",
    "start": 1590648243167,
    "end": 1590648243220,
    "duration": 53,
    "pid": 9408,
    "index": 66
  },
  {
    "name": "Load \"middlewares\" to Application",
    "start": 1590648243167,
    "end": 1590648243213,
    "duration": 46,
    "pid": 9408,
    "index": 67
  },
  {
    "name": "Load Controller",
    "start": 1590648243220,
    "end": 1590648243227,
    "duration": 7,
    "pid": 9408,
    "index": 68
  },
  {
    "name": "Load \"controller\" to Application",
    "start": 1590648243220,
    "end": 1590648243227,
    "duration": 7,
    "pid": 9408,
    "index": 69
  },
  {
    "name": "Load Router",
    "start": 1590648243227,
    "end": 1590648243230,
    "duration": 3,
    "pid": 9408,
    "index": 70
  },
  {
    "name": "Require(53) app/router.js",
    "start": 1590648243227,
    "end": 1590648243228,
    "duration": 1,
    "pid": 9408,
    "index": 71
  },
  {
    "name": "Before Start in node_modules/egg-core/lib/egg.js:303:10",
    "start": 1590648243228,
    "end": 1590648243243,
    "duration": 15,
    "pid": 9408,
    "index": 72
  }
]