[
  {
    "name": "Application Start",
    "start": 1590648137628,
    "end": 1590648138186,
    "duration": 558,
    "pid": 12524,
    "index": 0
  },
  {
    "name": "Load Plugin",
    "start": 1590648137632,
    "end": 1590648137648,
    "duration": 16,
    "pid": 12524,
    "index": 1
  },
  {
    "name": "Load Config",
    "start": 1590648137648,
    "end": 1590648137666,
    "duration": 18,
    "pid": 12524,
    "index": 2
  },
  {
    "name": "Require(0) config/config.default.js",
    "start": 1590648137649,
    "end": 1590648137649,
    "duration": 0,
    "pid": 12524,
    "index": 3
  },
  {
    "name": "Require(1) node_modules/egg-session/config/config.default.js",
    "start": 1590648137650,
    "end": 1590648137651,
    "duration": 1,
    "pid": 12524,
    "index": 4
  },
  {
    "name": "Require(2) node_modules/egg-security/config/config.default.js",
    "start": 1590648137651,
    "end": 1590648137651,
    "duration": 0,
    "pid": 12524,
    "index": 5
  },
  {
    "name": "Require(3) node_modules/egg-jsonp/config/config.default.js",
    "start": 1590648137652,
    "end": 1590648137653,
    "duration": 1,
    "pid": 12524,
    "index": 6
  },
  {
    "name": "Require(4) node_modules/egg-onerror/config/config.default.js",
    "start": 1590648137653,
    "end": 1590648137653,
    "duration": 0,
    "pid": 12524,
    "index": 7
  },
  {
    "name": "Require(5) node_modules/egg-i18n/config/config.default.js",
    "start": 1590648137654,
    "end": 1590648137654,
    "duration": 0,
    "pid": 12524,
    "index": 8
  },
  {
    "name": "Require(6) node_modules/egg-watcher/config/config.default.js",
    "start": 1590648137654,
    "end": 1590648137654,
    "duration": 0,
    "pid": 12524,
    "index": 9
  },
  {
    "name": "Require(7) node_modules/egg-schedule/config/config.default.js",
    "start": 1590648137655,
    "end": 1590648137655,
    "duration": 0,
    "pid": 12524,
    "index": 10
  },
  {
    "name": "Require(8) node_modules/egg-multipart/config/config.default.js",
    "start": 1590648137656,
    "end": 1590648137656,
    "duration": 0,
    "pid": 12524,
    "index": 11
  },
  {
    "name": "Require(9) node_modules/egg-development/config/config.default.js",
    "start": 1590648137657,
    "end": 1590648137657,
    "duration": 0,
    "pid": 12524,
    "index": 12
  },
  {
    "name": "Require(10) node_modules/egg-logrotator/config/config.default.js",
    "start": 1590648137657,
    "end": 1590648137657,
    "duration": 0,
    "pid": 12524,
    "index": 13
  },
  {
    "name": "Require(11) node_modules/egg-static/config/config.default.js",
    "start": 1590648137658,
    "end": 1590648137658,
    "duration": 0,
    "pid": 12524,
    "index": 14
  },
  {
    "name": "Require(12) node_modules/egg-view/config/config.default.js",
    "start": 1590648137658,
    "end": 1590648137659,
    "duration": 1,
    "pid": 12524,
    "index": 15
  },
  {
    "name": "Require(13) node_modules/egg-view-nunjucks/config/config.default.js",
    "start": 1590648137659,
    "end": 1590648137659,
    "duration": 0,
    "pid": 12524,
    "index": 16
  },
  {
    "name": "Require(14) node_modules/egg-mysql/config/config.default.js",
    "start": 1590648137660,
    "end": 1590648137660,
    "duration": 0,
    "pid": 12524,
    "index": 17
  },
  {
    "name": "Require(15) node_modules/egg-cors/config/config.default.js",
    "start": 1590648137660,
    "end": 1590648137660,
    "duration": 0,
    "pid": 12524,
    "index": 18
  },
  {
    "name": "Require(16) node_modules/egg/config/config.default.js",
    "start": 1590648137661,
    "end": 1590648137661,
    "duration": 0,
    "pid": 12524,
    "index": 19
  },
  {
    "name": "Require(17) config/config.default.js",
    "start": 1590648137662,
    "end": 1590648137662,
    "duration": 0,
    "pid": 12524,
    "index": 20
  },
  {
    "name": "Require(18) node_modules/egg-security/config/config.local.js",
    "start": 1590648137663,
    "end": 1590648137663,
    "duration": 0,
    "pid": 12524,
    "index": 21
  },
  {
    "name": "Require(19) node_modules/egg-watcher/config/config.local.js",
    "start": 1590648137664,
    "end": 1590648137664,
    "duration": 0,
    "pid": 12524,
    "index": 22
  },
  {
    "name": "Require(20) node_modules/egg-view/config/config.local.js",
    "start": 1590648137665,
    "end": 1590648137665,
    "duration": 0,
    "pid": 12524,
    "index": 23
  },
  {
    "name": "Require(21) node_modules/egg-view-nunjucks/config/config.local.js",
    "start": 1590648137665,
    "end": 1590648137665,
    "duration": 0,
    "pid": 12524,
    "index": 24
  },
  {
    "name": "Require(22) node_modules/egg/config/config.local.js",
    "start": 1590648137666,
    "end": 1590648137666,
    "duration": 0,
    "pid": 12524,
    "index": 25
  },
  {
    "name": "Load extend/application.js",
    "start": 1590648137667,
    "end": 1590648137720,
    "duration": 53,
    "pid": 12524,
    "index": 26
  },
  {
    "name": "Require(23) node_modules/egg-session/app/extend/application.js",
    "start": 1590648137668,
    "end": 1590648137668,
    "duration": 0,
    "pid": 12524,
    "index": 27
  },
  {
    "name": "Require(24) node_modules/egg-security/app/extend/application.js",
    "start": 1590648137669,
    "end": 1590648137669,
    "duration": 0,
    "pid": 12524,
    "index": 28
  },
  {
    "name": "Require(25) node_modules/egg-jsonp/app/extend/application.js",
    "start": 1590648137670,
    "end": 1590648137670,
    "duration": 0,
    "pid": 12524,
    "index": 29
  },
  {
    "name": "Require(26) node_modules/egg-logrotator/app/extend/application.js",
    "start": 1590648137671,
    "end": 1590648137676,
    "duration": 5,
    "pid": 12524,
    "index": 30
  },
  {
    "name": "Require(27) node_modules/egg-view/app/extend/application.js",
    "start": 1590648137677,
    "end": 1590648137678,
    "duration": 1,
    "pid": 12524,
    "index": 31
  },
  {
    "name": "Require(28) node_modules/egg-view-nunjucks/app/extend/application.js",
    "start": 1590648137678,
    "end": 1590648137718,
    "duration": 40,
    "pid": 12524,
    "index": 32
  },
  {
    "name": "Load extend/request.js",
    "start": 1590648137720,
    "end": 1590648137726,
    "duration": 6,
    "pid": 12524,
    "index": 33
  },
  {
    "name": "Require(29) node_modules/egg/app/extend/request.js",
    "start": 1590648137722,
    "end": 1590648137724,
    "duration": 2,
    "pid": 12524,
    "index": 34
  },
  {
    "name": "Load extend/response.js",
    "start": 1590648137726,
    "end": 1590648137731,
    "duration": 5,
    "pid": 12524,
    "index": 35
  },
  {
    "name": "Require(30) node_modules/egg/app/extend/response.js",
    "start": 1590648137728,
    "end": 1590648137729,
    "duration": 1,
    "pid": 12524,
    "index": 36
  },
  {
    "name": "Load extend/context.js",
    "start": 1590648137731,
    "end": 1590648137806,
    "duration": 75,
    "pid": 12524,
    "index": 37
  },
  {
    "name": "Require(31) node_modules/egg-security/app/extend/context.js",
    "start": 1590648137732,
    "end": 1590648137744,
    "duration": 12,
    "pid": 12524,
    "index": 38
  },
  {
    "name": "Require(32) node_modules/egg-jsonp/app/extend/context.js",
    "start": 1590648137745,
    "end": 1590648137745,
    "duration": 0,
    "pid": 12524,
    "index": 39
  },
  {
    "name": "Require(33) node_modules/egg-i18n/app/extend/context.js",
    "start": 1590648137746,
    "end": 1590648137746,
    "duration": 0,
    "pid": 12524,
    "index": 40
  },
  {
    "name": "Require(34) node_modules/egg-multipart/app/extend/context.js",
    "start": 1590648137747,
    "end": 1590648137800,
    "duration": 53,
    "pid": 12524,
    "index": 41
  },
  {
    "name": "Require(35) node_modules/egg-view/app/extend/context.js",
    "start": 1590648137801,
    "end": 1590648137802,
    "duration": 1,
    "pid": 12524,
    "index": 42
  },
  {
    "name": "Require(36) node_modules/egg/app/extend/context.js",
    "start": 1590648137802,
    "end": 1590648137804,
    "duration": 2,
    "pid": 12524,
    "index": 43
  },
  {
    "name": "Require(37) app/extend/context.js",
    "start": 1590648137804,
    "end": 1590648137804,
    "duration": 0,
    "pid": 12524,
    "index": 44
  },
  {
    "name": "Load extend/helper.js",
    "start": 1590648137807,
    "end": 1590648137829,
    "duration": 22,
    "pid": 12524,
    "index": 45
  },
  {
    "name": "Require(38) node_modules/egg-security/app/extend/helper.js",
    "start": 1590648137807,
    "end": 1590648137822,
    "duration": 15,
    "pid": 12524,
    "index": 46
  },
  {
    "name": "Require(39) node_modules/egg/app/extend/helper.js",
    "start": 1590648137827,
    "end": 1590648137827,
    "duration": 0,
    "pid": 12524,
    "index": 47
  },
  {
    "name": "Load app.js",
    "start": 1590648137830,
    "end": 1590648137870,
    "duration": 40,
    "pid": 12524,
    "index": 48
  },
  {
    "name": "Require(40) node_modules/egg-session/app.js",
    "start": 1590648137830,
    "end": 1590648137830,
    "duration": 0,
    "pid": 12524,
    "index": 49
  },
  {
    "name": "Require(41) node_modules/egg-security/app.js",
    "start": 1590648137831,
    "end": 1590648137832,
    "duration": 1,
    "pid": 12524,
    "index": 50
  },
  {
    "name": "Require(42) node_modules/egg-onerror/app.js",
    "start": 1590648137832,
    "end": 1590648137839,
    "duration": 7,
    "pid": 12524,
    "index": 51
  },
  {
    "name": "Require(43) node_modules/egg-i18n/app.js",
    "start": 1590648137840,
    "end": 1590648137847,
    "duration": 7,
    "pid": 12524,
    "index": 52
  },
  {
    "name": "Require(44) node_modules/egg-watcher/app.js",
    "start": 1590648137847,
    "end": 1590648137849,
    "duration": 2,
    "pid": 12524,
    "index": 53
  },
  {
    "name": "Require(45) node_modules/egg-schedule/app.js",
    "start": 1590648137849,
    "end": 1590648137851,
    "duration": 2,
    "pid": 12524,
    "index": 54
  },
  {
    "name": "Require(46) node_modules/egg-multipart/app.js",
    "start": 1590648137851,
    "end": 1590648137852,
    "duration": 1,
    "pid": 12524,
    "index": 55
  },
  {
    "name": "Require(47) node_modules/egg-development/app.js",
    "start": 1590648137853,
    "end": 1590648137853,
    "duration": 0,
    "pid": 12524,
    "index": 56
  },
  {
    "name": "Require(48) node_modules/egg-logrotator/app.js",
    "start": 1590648137853,
    "end": 1590648137853,
    "duration": 0,
    "pid": 12524,
    "index": 57
  },
  {
    "name": "Require(49) node_modules/egg-static/app.js",
    "start": 1590648137854,
    "end": 1590648137854,
    "duration": 0,
    "pid": 12524,
    "index": 58
  },
  {
    "name": "Require(50) node_modules/egg-view-nunjucks/app.js",
    "start": 1590648137854,
    "end": 1590648137854,
    "duration": 0,
    "pid": 12524,
    "index": 59
  },
  {
    "name": "Require(51) node_modules/egg-mysql/app.js",
    "start": 1590648137855,
    "end": 1590648137868,
    "duration": 13,
    "pid": 12524,
    "index": 60
  },
  {
    "name": "Require(52) node_modules/egg-cors/app.js",
    "start": 1590648137869,
    "end": 1590648137869,
    "duration": 0,
    "pid": 12524,
    "index": 61
  },
  {
    "name": "Before Start in node_modules/egg-watcher/lib/init.js:15:14",
    "start": 1590648137884,
    "end": 1590648138067,
    "duration": 183,
    "pid": 12524,
    "index": 62
  },
  {
    "name": "Before Start in node_modules/egg-mysql/lib/mysql.js:20:7",
    "start": 1590648137974,
    "end": 1590648138186,
    "duration": 212,
    "pid": 12524,
    "index": 63
  },
  {
    "name": "Load Service",
    "start": 1590648137975,
    "end": 1590648137981,
    "duration": 6,
    "pid": 12524,
    "index": 64
  },
  {
    "name": "Load \"service\" to Context",
    "start": 1590648137975,
    "end": 1590648137981,
    "duration": 6,
    "pid": 12524,
    "index": 65
  },
  {
    "name": "Load Middleware",
    "start": 1590648137981,
    "end": 1590648138034,
    "duration": 53,
    "pid": 12524,
    "index": 66
  },
  {
    "name": "Load \"middlewares\" to Application",
    "start": 1590648137981,
    "end": 1590648138027,
    "duration": 46,
    "pid": 12524,
    "index": 67
  },
  {
    "name": "Load Controller",
    "start": 1590648138034,
    "end": 1590648138041,
    "duration": 7,
    "pid": 12524,
    "index": 68
  },
  {
    "name": "Load \"controller\" to Application",
    "start": 1590648138034,
    "end": 1590648138041,
    "duration": 7,
    "pid": 12524,
    "index": 69
  },
  {
    "name": "Load Router",
    "start": 1590648138041,
    "end": 1590648138045,
    "duration": 4,
    "pid": 12524,
    "index": 70
  },
  {
    "name": "Require(53) app/router.js",
    "start": 1590648138042,
    "end": 1590648138042,
    "duration": 0,
    "pid": 12524,
    "index": 71
  },
  {
    "name": "Before Start in node_modules/egg-core/lib/egg.js:303:10",
    "start": 1590648138043,
    "end": 1590648138058,
    "duration": 15,
    "pid": 12524,
    "index": 72
  }
]