[
  {
    "name": "Application Start",
    "start": 1590648307788,
    "end": 1590648308334,
    "duration": 546,
    "pid": 4688,
    "index": 0
  },
  {
    "name": "Load Plugin",
    "start": 1590648307794,
    "end": 1590648307809,
    "duration": 15,
    "pid": 4688,
    "index": 1
  },
  {
    "name": "Load Config",
    "start": 1590648307809,
    "end": 1590648307828,
    "duration": 19,
    "pid": 4688,
    "index": 2
  },
  {
    "name": "Require(0) config/config.default.js",
    "start": 1590648307810,
    "end": 1590648307810,
    "duration": 0,
    "pid": 4688,
    "index": 3
  },
  {
    "name": "Require(1) node_modules/egg-session/config/config.default.js",
    "start": 1590648307812,
    "end": 1590648307812,
    "duration": 0,
    "pid": 4688,
    "index": 4
  },
  {
    "name": "Require(2) node_modules/egg-security/config/config.default.js",
    "start": 1590648307812,
    "end": 1590648307812,
    "duration": 0,
    "pid": 4688,
    "index": 5
  },
  {
    "name": "Require(3) node_modules/egg-jsonp/config/config.default.js",
    "start": 1590648307814,
    "end": 1590648307814,
    "duration": 0,
    "pid": 4688,
    "index": 6
  },
  {
    "name": "Require(4) node_modules/egg-onerror/config/config.default.js",
    "start": 1590648307814,
    "end": 1590648307814,
    "duration": 0,
    "pid": 4688,
    "index": 7
  },
  {
    "name": "Require(5) node_modules/egg-i18n/config/config.default.js",
    "start": 1590648307815,
    "end": 1590648307815,
    "duration": 0,
    "pid": 4688,
    "index": 8
  },
  {
    "name": "Require(6) node_modules/egg-watcher/config/config.default.js",
    "start": 1590648307815,
    "end": 1590648307816,
    "duration": 1,
    "pid": 4688,
    "index": 9
  },
  {
    "name": "Require(7) node_modules/egg-schedule/config/config.default.js",
    "start": 1590648307816,
    "end": 1590648307816,
    "duration": 0,
    "pid": 4688,
    "index": 10
  },
  {
    "name": "Require(8) node_modules/egg-multipart/config/config.default.js",
    "start": 1590648307817,
    "end": 1590648307817,
    "duration": 0,
    "pid": 4688,
    "index": 11
  },
  {
    "name": "Require(9) node_modules/egg-development/config/config.default.js",
    "start": 1590648307818,
    "end": 1590648307818,
    "duration": 0,
    "pid": 4688,
    "index": 12
  },
  {
    "name": "Require(10) node_modules/egg-logrotator/config/config.default.js",
    "start": 1590648307818,
    "end": 1590648307818,
    "duration": 0,
    "pid": 4688,
    "index": 13
  },
  {
    "name": "Require(11) node_modules/egg-static/config/config.default.js",
    "start": 1590648307819,
    "end": 1590648307819,
    "duration": 0,
    "pid": 4688,
    "index": 14
  },
  {
    "name": "Require(12) node_modules/egg-view/config/config.default.js",
    "start": 1590648307819,
    "end": 1590648307820,
    "duration": 1,
    "pid": 4688,
    "index": 15
  },
  {
    "name": "Require(13) node_modules/egg-view-nunjucks/config/config.default.js",
    "start": 1590648307820,
    "end": 1590648307820,
    "duration": 0,
    "pid": 4688,
    "index": 16
  },
  {
    "name": "Require(14) node_modules/egg-mysql/config/config.default.js",
    "start": 1590648307821,
    "end": 1590648307821,
    "duration": 0,
    "pid": 4688,
    "index": 17
  },
  {
    "name": "Require(15) node_modules/egg-cors/config/config.default.js",
    "start": 1590648307821,
    "end": 1590648307821,
    "duration": 0,
    "pid": 4688,
    "index": 18
  },
  {
    "name": "Require(16) node_modules/egg/config/config.default.js",
    "start": 1590648307822,
    "end": 1590648307822,
    "duration": 0,
    "pid": 4688,
    "index": 19
  },
  {
    "name": "Require(17) config/config.default.js",
    "start": 1590648307824,
    "end": 1590648307824,
    "duration": 0,
    "pid": 4688,
    "index": 20
  },
  {
    "name": "Require(18) node_modules/egg-security/config/config.local.js",
    "start": 1590648307824,
    "end": 1590648307824,
    "duration": 0,
    "pid": 4688,
    "index": 21
  },
  {
    "name": "Require(19) node_modules/egg-watcher/config/config.local.js",
    "start": 1590648307825,
    "end": 1590648307825,
    "duration": 0,
    "pid": 4688,
    "index": 22
  },
  {
    "name": "Require(20) node_modules/egg-view/config/config.local.js",
    "start": 1590648307826,
    "end": 1590648307826,
    "duration": 0,
    "pid": 4688,
    "index": 23
  },
  {
    "name": "Require(21) node_modules/egg-view-nunjucks/config/config.local.js",
    "start": 1590648307827,
    "end": 1590648307827,
    "duration": 0,
    "pid": 4688,
    "index": 24
  },
  {
    "name": "Require(22) node_modules/egg/config/config.local.js",
    "start": 1590648307827,
    "end": 1590648307827,
    "duration": 0,
    "pid": 4688,
    "index": 25
  },
  {
    "name": "Load extend/application.js",
    "start": 1590648307829,
    "end": 1590648307880,
    "duration": 51,
    "pid": 4688,
    "index": 26
  },
  {
    "name": "Require(23) node_modules/egg-session/app/extend/application.js",
    "start": 1590648307829,
    "end": 1590648307830,
    "duration": 1,
    "pid": 4688,
    "index": 27
  },
  {
    "name": "Require(24) node_modules/egg-security/app/extend/application.js",
    "start": 1590648307830,
    "end": 1590648307831,
    "duration": 1,
    "pid": 4688,
    "index": 28
  },
  {
    "name": "Require(25) node_modules/egg-jsonp/app/extend/application.js",
    "start": 1590648307831,
    "end": 1590648307832,
    "duration": 1,
    "pid": 4688,
    "index": 29
  },
  {
    "name": "Require(26) node_modules/egg-logrotator/app/extend/application.js",
    "start": 1590648307833,
    "end": 1590648307838,
    "duration": 5,
    "pid": 4688,
    "index": 30
  },
  {
    "name": "Require(27) node_modules/egg-view/app/extend/application.js",
    "start": 1590648307838,
    "end": 1590648307839,
    "duration": 1,
    "pid": 4688,
    "index": 31
  },
  {
    "name": "Require(28) node_modules/egg-view-nunjucks/app/extend/application.js",
    "start": 1590648307839,
    "end": 1590648307877,
    "duration": 38,
    "pid": 4688,
    "index": 32
  },
  {
    "name": "Load extend/request.js",
    "start": 1590648307880,
    "end": 1590648307886,
    "duration": 6,
    "pid": 4688,
    "index": 33
  },
  {
    "name": "Require(29) node_modules/egg/app/extend/request.js",
    "start": 1590648307882,
    "end": 1590648307883,
    "duration": 1,
    "pid": 4688,
    "index": 34
  },
  {
    "name": "Load extend/response.js",
    "start": 1590648307886,
    "end": 1590648307892,
    "duration": 6,
    "pid": 4688,
    "index": 35
  },
  {
    "name": "Require(30) node_modules/egg/app/extend/response.js",
    "start": 1590648307888,
    "end": 1590648307889,
    "duration": 1,
    "pid": 4688,
    "index": 36
  },
  {
    "name": "Load extend/context.js",
    "start": 1590648307892,
    "end": 1590648307964,
    "duration": 72,
    "pid": 4688,
    "index": 37
  },
  {
    "name": "Require(31) node_modules/egg-security/app/extend/context.js",
    "start": 1590648307893,
    "end": 1590648307905,
    "duration": 12,
    "pid": 4688,
    "index": 38
  },
  {
    "name": "Require(32) node_modules/egg-jsonp/app/extend/context.js",
    "start": 1590648307905,
    "end": 1590648307906,
    "duration": 1,
    "pid": 4688,
    "index": 39
  },
  {
    "name": "Require(33) node_modules/egg-i18n/app/extend/context.js",
    "start": 1590648307907,
    "end": 1590648307907,
    "duration": 0,
    "pid": 4688,
    "index": 40
  },
  {
    "name": "Require(34) node_modules/egg-multipart/app/extend/context.js",
    "start": 1590648307907,
    "end": 1590648307958,
    "duration": 51,
    "pid": 4688,
    "index": 41
  },
  {
    "name": "Require(35) node_modules/egg-view/app/extend/context.js",
    "start": 1590648307959,
    "end": 1590648307960,
    "duration": 1,
    "pid": 4688,
    "index": 42
  },
  {
    "name": "Require(36) node_modules/egg/app/extend/context.js",
    "start": 1590648307961,
    "end": 1590648307962,
    "duration": 1,
    "pid": 4688,
    "index": 43
  },
  {
    "name": "Require(37) app/extend/context.js",
    "start": 1590648307962,
    "end": 1590648307962,
    "duration": 0,
    "pid": 4688,
    "index": 44
  },
  {
    "name": "Load extend/helper.js",
    "start": 1590648307964,
    "end": 1590648307985,
    "duration": 21,
    "pid": 4688,
    "index": 45
  },
  {
    "name": "Require(38) node_modules/egg-security/app/extend/helper.js",
    "start": 1590648307965,
    "end": 1590648307979,
    "duration": 14,
    "pid": 4688,
    "index": 46
  },
  {
    "name": "Require(39) node_modules/egg/app/extend/helper.js",
    "start": 1590648307981,
    "end": 1590648307981,
    "duration": 0,
    "pid": 4688,
    "index": 47
  },
  {
    "name": "Load app.js",
    "start": 1590648307986,
    "end": 1590648308025,
    "duration": 39,
    "pid": 4688,
    "index": 48
  },
  {
    "name": "Require(40) node_modules/egg-session/app.js",
    "start": 1590648307986,
    "end": 1590648307986,
    "duration": 0,
    "pid": 4688,
    "index": 49
  },
  {
    "name": "Require(41) node_modules/egg-security/app.js",
    "start": 1590648307987,
    "end": 1590648307988,
    "duration": 1,
    "pid": 4688,
    "index": 50
  },
  {
    "name": "Require(42) node_modules/egg-onerror/app.js",
    "start": 1590648307988,
    "end": 1590648307995,
    "duration": 7,
    "pid": 4688,
    "index": 51
  },
  {
    "name": "Require(43) node_modules/egg-i18n/app.js",
    "start": 1590648307995,
    "end": 1590648308002,
    "duration": 7,
    "pid": 4688,
    "index": 52
  },
  {
    "name": "Require(44) node_modules/egg-watcher/app.js",
    "start": 1590648308003,
    "end": 1590648308005,
    "duration": 2,
    "pid": 4688,
    "index": 53
  },
  {
    "name": "Require(45) node_modules/egg-schedule/app.js",
    "start": 1590648308005,
    "end": 1590648308006,
    "duration": 1,
    "pid": 4688,
    "index": 54
  },
  {
    "name": "Require(46) node_modules/egg-multipart/app.js",
    "start": 1590648308006,
    "end": 1590648308008,
    "duration": 2,
    "pid": 4688,
    "index": 55
  },
  {
    "name": "Require(47) node_modules/egg-development/app.js",
    "start": 1590648308009,
    "end": 1590648308009,
    "duration": 0,
    "pid": 4688,
    "index": 56
  },
  {
    "name": "Require(48) node_modules/egg-logrotator/app.js",
    "start": 1590648308009,
    "end": 1590648308009,
    "duration": 0,
    "pid": 4688,
    "index": 57
  },
  {
    "name": "Require(49) node_modules/egg-static/app.js",
    "start": 1590648308009,
    "end": 1590648308010,
    "duration": 1,
    "pid": 4688,
    "index": 58
  },
  {
    "name": "Require(50) node_modules/egg-view-nunjucks/app.js",
    "start": 1590648308010,
    "end": 1590648308011,
    "duration": 1,
    "pid": 4688,
    "index": 59
  },
  {
    "name": "Require(51) node_modules/egg-mysql/app.js",
    "start": 1590648308011,
    "end": 1590648308024,
    "duration": 13,
    "pid": 4688,
    "index": 60
  },
  {
    "name": "Require(52) node_modules/egg-cors/app.js",
    "start": 1590648308024,
    "end": 1590648308024,
    "duration": 0,
    "pid": 4688,
    "index": 61
  },
  {
    "name": "Before Start in node_modules/egg-watcher/lib/init.js:15:14",
    "start": 1590648308041,
    "end": 1590648308218,
    "duration": 177,
    "pid": 4688,
    "index": 62
  },
  {
    "name": "Before Start in node_modules/egg-mysql/lib/mysql.js:20:7",
    "start": 1590648308126,
    "end": 1590648308334,
    "duration": 208,
    "pid": 4688,
    "index": 63
  },
  {
    "name": "Load Service",
    "start": 1590648308127,
    "end": 1590648308133,
    "duration": 6,
    "pid": 4688,
    "index": 64
  },
  {
    "name": "Load \"service\" to Context",
    "start": 1590648308127,
    "end": 1590648308133,
    "duration": 6,
    "pid": 4688,
    "index": 65
  },
  {
    "name": "Load Middleware",
    "start": 1590648308134,
    "end": 1590648308188,
    "duration": 54,
    "pid": 4688,
    "index": 66
  },
  {
    "name": "Load \"middlewares\" to Application",
    "start": 1590648308134,
    "end": 1590648308179,
    "duration": 45,
    "pid": 4688,
    "index": 67
  },
  {
    "name": "Load Controller",
    "start": 1590648308188,
    "end": 1590648308194,
    "duration": 6,
    "pid": 4688,
    "index": 68
  },
  {
    "name": "Load \"controller\" to Application",
    "start": 1590648308188,
    "end": 1590648308194,
    "duration": 6,
    "pid": 4688,
    "index": 69
  },
  {
    "name": "Load Router",
    "start": 1590648308194,
    "end": 1590648308196,
    "duration": 2,
    "pid": 4688,
    "index": 70
  },
  {
    "name": "Require(53) app/router.js",
    "start": 1590648308194,
    "end": 1590648308194,
    "duration": 0,
    "pid": 4688,
    "index": 71
  },
  {
    "name": "Before Start in node_modules/egg-core/lib/egg.js:303:10",
    "start": 1590648308195,
    "end": 1590648308209,
    "duration": 14,
    "pid": 4688,
    "index": 72
  }
]