[
  {
    "name": "Application Start",
    "start": 1590647753481,
    "end": 1590647754049,
    "duration": 568,
    "pid": 12148,
    "index": 0
  },
  {
    "name": "Load Plugin",
    "start": 1590647753486,
    "end": 1590647753501,
    "duration": 15,
    "pid": 12148,
    "index": 1
  },
  {
    "name": "Load Config",
    "start": 1590647753501,
    "end": 1590647753519,
    "duration": 18,
    "pid": 12148,
    "index": 2
  },
  {
    "name": "Require(0) config/config.default.js",
    "start": 1590647753502,
    "end": 1590647753502,
    "duration": 0,
    "pid": 12148,
    "index": 3
  },
  {
    "name": "Require(1) node_modules/egg-session/config/config.default.js",
    "start": 1590647753503,
    "end": 1590647753504,
    "duration": 1,
    "pid": 12148,
    "index": 4
  },
  {
    "name": "Require(2) node_modules/egg-security/config/config.default.js",
    "start": 1590647753504,
    "end": 1590647753504,
    "duration": 0,
    "pid": 12148,
    "index": 5
  },
  {
    "name": "Require(3) node_modules/egg-jsonp/config/config.default.js",
    "start": 1590647753505,
    "end": 1590647753505,
    "duration": 0,
    "pid": 12148,
    "index": 6
  },
  {
    "name": "Require(4) node_modules/egg-onerror/config/config.default.js",
    "start": 1590647753506,
    "end": 1590647753506,
    "duration": 0,
    "pid": 12148,
    "index": 7
  },
  {
    "name": "Require(5) node_modules/egg-i18n/config/config.default.js",
    "start": 1590647753506,
    "end": 1590647753506,
    "duration": 0,
    "pid": 12148,
    "index": 8
  },
  {
    "name": "Require(6) node_modules/egg-watcher/config/config.default.js",
    "start": 1590647753507,
    "end": 1590647753507,
    "duration": 0,
    "pid": 12148,
    "index": 9
  },
  {
    "name": "Require(7) node_modules/egg-schedule/config/config.default.js",
    "start": 1590647753508,
    "end": 1590647753508,
    "duration": 0,
    "pid": 12148,
    "index": 10
  },
  {
    "name": "Require(8) node_modules/egg-multipart/config/config.default.js",
    "start": 1590647753508,
    "end": 1590647753508,
    "duration": 0,
    "pid": 12148,
    "index": 11
  },
  {
    "name": "Require(9) node_modules/egg-development/config/config.default.js",
    "start": 1590647753509,
    "end": 1590647753509,
    "duration": 0,
    "pid": 12148,
    "index": 12
  },
  {
    "name": "Require(10) node_modules/egg-logrotator/config/config.default.js",
    "start": 1590647753510,
    "end": 1590647753510,
    "duration": 0,
    "pid": 12148,
    "index": 13
  },
  {
    "name": "Require(11) node_modules/egg-static/config/config.default.js",
    "start": 1590647753510,
    "end": 1590647753511,
    "duration": 1,
    "pid": 12148,
    "index": 14
  },
  {
    "name": "Require(12) node_modules/egg-view/config/config.default.js",
    "start": 1590647753511,
    "end": 1590647753511,
    "duration": 0,
    "pid": 12148,
    "index": 15
  },
  {
    "name": "Require(13) node_modules/egg-view-nunjucks/config/config.default.js",
    "start": 1590647753512,
    "end": 1590647753512,
    "duration": 0,
    "pid": 12148,
    "index": 16
  },
  {
    "name": "Require(14) node_modules/egg-mysql/config/config.default.js",
    "start": 1590647753512,
    "end": 1590647753512,
    "duration": 0,
    "pid": 12148,
    "index": 17
  },
  {
    "name": "Require(15) node_modules/egg-cors/config/config.default.js",
    "start": 1590647753513,
    "end": 1590647753513,
    "duration": 0,
    "pid": 12148,
    "index": 18
  },
  {
    "name": "Require(16) node_modules/egg/config/config.default.js",
    "start": 1590647753513,
    "end": 1590647753514,
    "duration": 1,
    "pid": 12148,
    "index": 19
  },
  {
    "name": "Require(17) config/config.default.js",
    "start": 1590647753516,
    "end": 1590647753516,
    "duration": 0,
    "pid": 12148,
    "index": 20
  },
  {
    "name": "Require(18) node_modules/egg-security/config/config.local.js",
    "start": 1590647753516,
    "end": 1590647753516,
    "duration": 0,
    "pid": 12148,
    "index": 21
  },
  {
    "name": "Require(19) node_modules/egg-watcher/config/config.local.js",
    "start": 1590647753517,
    "end": 1590647753517,
    "duration": 0,
    "pid": 12148,
    "index": 22
  },
  {
    "name": "Require(20) node_modules/egg-view/config/config.local.js",
    "start": 1590647753518,
    "end": 1590647753518,
    "duration": 0,
    "pid": 12148,
    "index": 23
  },
  {
    "name": "Require(21) node_modules/egg-view-nunjucks/config/config.local.js",
    "start": 1590647753519,
    "end": 1590647753519,
    "duration": 0,
    "pid": 12148,
    "index": 24
  },
  {
    "name": "Require(22) node_modules/egg/config/config.local.js",
    "start": 1590647753519,
    "end": 1590647753519,
    "duration": 0,
    "pid": 12148,
    "index": 25
  },
  {
    "name": "Load extend/application.js",
    "start": 1590647753521,
    "end": 1590647753573,
    "duration": 52,
    "pid": 12148,
    "index": 26
  },
  {
    "name": "Require(23) node_modules/egg-session/app/extend/application.js",
    "start": 1590647753521,
    "end": 1590647753522,
    "duration": 1,
    "pid": 12148,
    "index": 27
  },
  {
    "name": "Require(24) node_modules/egg-security/app/extend/application.js",
    "start": 1590647753522,
    "end": 1590647753523,
    "duration": 1,
    "pid": 12148,
    "index": 28
  },
  {
    "name": "Require(25) node_modules/egg-jsonp/app/extend/application.js",
    "start": 1590647753523,
    "end": 1590647753524,
    "duration": 1,
    "pid": 12148,
    "index": 29
  },
  {
    "name": "Require(26) node_modules/egg-logrotator/app/extend/application.js",
    "start": 1590647753525,
    "end": 1590647753529,
    "duration": 4,
    "pid": 12148,
    "index": 30
  },
  {
    "name": "Require(27) node_modules/egg-view/app/extend/application.js",
    "start": 1590647753530,
    "end": 1590647753531,
    "duration": 1,
    "pid": 12148,
    "index": 31
  },
  {
    "name": "Require(28) node_modules/egg-view-nunjucks/app/extend/application.js",
    "start": 1590647753531,
    "end": 1590647753570,
    "duration": 39,
    "pid": 12148,
    "index": 32
  },
  {
    "name": "Load extend/request.js",
    "start": 1590647753573,
    "end": 1590647753578,
    "duration": 5,
    "pid": 12148,
    "index": 33
  },
  {
    "name": "Require(29) node_modules/egg/app/extend/request.js",
    "start": 1590647753575,
    "end": 1590647753576,
    "duration": 1,
    "pid": 12148,
    "index": 34
  },
  {
    "name": "Load extend/response.js",
    "start": 1590647753578,
    "end": 1590647753583,
    "duration": 5,
    "pid": 12148,
    "index": 35
  },
  {
    "name": "Require(30) node_modules/egg/app/extend/response.js",
    "start": 1590647753580,
    "end": 1590647753581,
    "duration": 1,
    "pid": 12148,
    "index": 36
  },
  {
    "name": "Load extend/context.js",
    "start": 1590647753584,
    "end": 1590647753656,
    "duration": 72,
    "pid": 12148,
    "index": 37
  },
  {
    "name": "Require(31) node_modules/egg-security/app/extend/context.js",
    "start": 1590647753584,
    "end": 1590647753597,
    "duration": 13,
    "pid": 12148,
    "index": 38
  },
  {
    "name": "Require(32) node_modules/egg-jsonp/app/extend/context.js",
    "start": 1590647753597,
    "end": 1590647753598,
    "duration": 1,
    "pid": 12148,
    "index": 39
  },
  {
    "name": "Require(33) node_modules/egg-i18n/app/extend/context.js",
    "start": 1590647753599,
    "end": 1590647753599,
    "duration": 0,
    "pid": 12148,
    "index": 40
  },
  {
    "name": "Require(34) node_modules/egg-multipart/app/extend/context.js",
    "start": 1590647753599,
    "end": 1590647753650,
    "duration": 51,
    "pid": 12148,
    "index": 41
  },
  {
    "name": "Require(35) node_modules/egg-view/app/extend/context.js",
    "start": 1590647753651,
    "end": 1590647753652,
    "duration": 1,
    "pid": 12148,
    "index": 42
  },
  {
    "name": "Require(36) node_modules/egg/app/extend/context.js",
    "start": 1590647753653,
    "end": 1590647753654,
    "duration": 1,
    "pid": 12148,
    "index": 43
  },
  {
    "name": "Require(37) app/extend/context.js",
    "start": 1590647753654,
    "end": 1590647753654,
    "duration": 0,
    "pid": 12148,
    "index": 44
  },
  {
    "name": "Load extend/helper.js",
    "start": 1590647753657,
    "end": 1590647753676,
    "duration": 19,
    "pid": 12148,
    "index": 45
  },
  {
    "name": "Require(38) node_modules/egg-security/app/extend/helper.js",
    "start": 1590647753657,
    "end": 1590647753672,
    "duration": 15,
    "pid": 12148,
    "index": 46
  },
  {
    "name": "Require(39) node_modules/egg/app/extend/helper.js",
    "start": 1590647753674,
    "end": 1590647753674,
    "duration": 0,
    "pid": 12148,
    "index": 47
  },
  {
    "name": "Load app.js",
    "start": 1590647753676,
    "end": 1590647753717,
    "duration": 41,
    "pid": 12148,
    "index": 48
  },
  {
    "name": "Require(40) node_modules/egg-session/app.js",
    "start": 1590647753677,
    "end": 1590647753677,
    "duration": 0,
    "pid": 12148,
    "index": 49
  },
  {
    "name": "Require(41) node_modules/egg-security/app.js",
    "start": 1590647753679,
    "end": 1590647753681,
    "duration": 2,
    "pid": 12148,
    "index": 50
  },
  {
    "name": "Require(42) node_modules/egg-onerror/app.js",
    "start": 1590647753681,
    "end": 1590647753688,
    "duration": 7,
    "pid": 12148,
    "index": 51
  },
  {
    "name": "Require(43) node_modules/egg-i18n/app.js",
    "start": 1590647753688,
    "end": 1590647753695,
    "duration": 7,
    "pid": 12148,
    "index": 52
  },
  {
    "name": "Require(44) node_modules/egg-watcher/app.js",
    "start": 1590647753696,
    "end": 1590647753698,
    "duration": 2,
    "pid": 12148,
    "index": 53
  },
  {
    "name": "Require(45) node_modules/egg-schedule/app.js",
    "start": 1590647753698,
    "end": 1590647753699,
    "duration": 1,
    "pid": 12148,
    "index": 54
  },
  {
    "name": "Require(46) node_modules/egg-multipart/app.js",
    "start": 1590647753700,
    "end": 1590647753701,
    "duration": 1,
    "pid": 12148,
    "index": 55
  },
  {
    "name": "Require(47) node_modules/egg-development/app.js",
    "start": 1590647753702,
    "end": 1590647753702,
    "duration": 0,
    "pid": 12148,
    "index": 56
  },
  {
    "name": "Require(48) node_modules/egg-logrotator/app.js",
    "start": 1590647753702,
    "end": 1590647753702,
    "duration": 0,
    "pid": 12148,
    "index": 57
  },
  {
    "name": "Require(49) node_modules/egg-static/app.js",
    "start": 1590647753703,
    "end": 1590647753703,
    "duration": 0,
    "pid": 12148,
    "index": 58
  },
  {
    "name": "Require(50) node_modules/egg-view-nunjucks/app.js",
    "start": 1590647753703,
    "end": 1590647753704,
    "duration": 1,
    "pid": 12148,
    "index": 59
  },
  {
    "name": "Require(51) node_modules/egg-mysql/app.js",
    "start": 1590647753704,
    "end": 1590647753716,
    "duration": 12,
    "pid": 12148,
    "index": 60
  },
  {
    "name": "Require(52) node_modules/egg-cors/app.js",
    "start": 1590647753716,
    "end": 1590647753716,
    "duration": 0,
    "pid": 12148,
    "index": 61
  },
  {
    "name": "Before Start in node_modules/egg-watcher/lib/init.js:15:14",
    "start": 1590647753734,
    "end": 1590647753928,
    "duration": 194,
    "pid": 12148,
    "index": 62
  },
  {
    "name": "Before Start in node_modules/egg-mysql/lib/mysql.js:20:7",
    "start": 1590647753828,
    "end": 1590647754048,
    "duration": 220,
    "pid": 12148,
    "index": 63
  },
  {
    "name": "Load Service",
    "start": 1590647753829,
    "end": 1590647753838,
    "duration": 9,
    "pid": 12148,
    "index": 64
  },
  {
    "name": "Load \"service\" to Context",
    "start": 1590647753829,
    "end": 1590647753838,
    "duration": 9,
    "pid": 12148,
    "index": 65
  },
  {
    "name": "Load Middleware",
    "start": 1590647753839,
    "end": 1590647753895,
    "duration": 56,
    "pid": 12148,
    "index": 66
  },
  {
    "name": "Load \"middlewares\" to Application",
    "start": 1590647753839,
    "end": 1590647753887,
    "duration": 48,
    "pid": 12148,
    "index": 67
  },
  {
    "name": "Load Controller",
    "start": 1590647753895,
    "end": 1590647753902,
    "duration": 7,
    "pid": 12148,
    "index": 68
  },
  {
    "name": "Load \"controller\" to Application",
    "start": 1590647753896,
    "end": 1590647753902,
    "duration": 6,
    "pid": 12148,
    "index": 69
  },
  {
    "name": "Load Router",
    "start": 1590647753902,
    "end": 1590647753906,
    "duration": 4,
    "pid": 12148,
    "index": 70
  },
  {
    "name": "Require(53) app/router.js",
    "start": 1590647753902,
    "end": 1590647753903,
    "duration": 1,
    "pid": 12148,
    "index": 71
  },
  {
    "name": "Before Start in node_modules/egg-core/lib/egg.js:303:10",
    "start": 1590647753904,
    "end": 1590647753920,
    "duration": 16,
    "pid": 12148,
    "index": 72
  }
]