[
  {
    "name": "Application Start",
    "start": 1590647686751,
    "end": 1590647687322,
    "duration": 571,
    "pid": 10480,
    "index": 0
  },
  {
    "name": "Load Plugin",
    "start": 1590647686755,
    "end": 1590647686770,
    "duration": 15,
    "pid": 10480,
    "index": 1
  },
  {
    "name": "Load Config",
    "start": 1590647686771,
    "end": 1590647686789,
    "duration": 18,
    "pid": 10480,
    "index": 2
  },
  {
    "name": "Require(0) config/config.default.js",
    "start": 1590647686771,
    "end": 1590647686772,
    "duration": 1,
    "pid": 10480,
    "index": 3
  },
  {
    "name": "Require(1) node_modules/egg-session/config/config.default.js",
    "start": 1590647686773,
    "end": 1590647686773,
    "duration": 0,
    "pid": 10480,
    "index": 4
  },
  {
    "name": "Require(2) node_modules/egg-security/config/config.default.js",
    "start": 1590647686774,
    "end": 1590647686774,
    "duration": 0,
    "pid": 10480,
    "index": 5
  },
  {
    "name": "Require(3) node_modules/egg-jsonp/config/config.default.js",
    "start": 1590647686775,
    "end": 1590647686775,
    "duration": 0,
    "pid": 10480,
    "index": 6
  },
  {
    "name": "Require(4) node_modules/egg-onerror/config/config.default.js",
    "start": 1590647686776,
    "end": 1590647686776,
    "duration": 0,
    "pid": 10480,
    "index": 7
  },
  {
    "name": "Require(5) node_modules/egg-i18n/config/config.default.js",
    "start": 1590647686776,
    "end": 1590647686776,
    "duration": 0,
    "pid": 10480,
    "index": 8
  },
  {
    "name": "Require(6) node_modules/egg-watcher/config/config.default.js",
    "start": 1590647686777,
    "end": 1590647686777,
    "duration": 0,
    "pid": 10480,
    "index": 9
  },
  {
    "name": "Require(7) node_modules/egg-schedule/config/config.default.js",
    "start": 1590647686777,
    "end": 1590647686778,
    "duration": 1,
    "pid": 10480,
    "index": 10
  },
  {
    "name": "Require(8) node_modules/egg-multipart/config/config.default.js",
    "start": 1590647686778,
    "end": 1590647686778,
    "duration": 0,
    "pid": 10480,
    "index": 11
  },
  {
    "name": "Require(9) node_modules/egg-development/config/config.default.js",
    "start": 1590647686779,
    "end": 1590647686780,
    "duration": 1,
    "pid": 10480,
    "index": 12
  },
  {
    "name": "Require(10) node_modules/egg-logrotator/config/config.default.js",
    "start": 1590647686780,
    "end": 1590647686780,
    "duration": 0,
    "pid": 10480,
    "index": 13
  },
  {
    "name": "Require(11) node_modules/egg-static/config/config.default.js",
    "start": 1590647686780,
    "end": 1590647686781,
    "duration": 1,
    "pid": 10480,
    "index": 14
  },
  {
    "name": "Require(12) node_modules/egg-view/config/config.default.js",
    "start": 1590647686781,
    "end": 1590647686781,
    "duration": 0,
    "pid": 10480,
    "index": 15
  },
  {
    "name": "Require(13) node_modules/egg-view-nunjucks/config/config.default.js",
    "start": 1590647686782,
    "end": 1590647686782,
    "duration": 0,
    "pid": 10480,
    "index": 16
  },
  {
    "name": "Require(14) node_modules/egg-mysql/config/config.default.js",
    "start": 1590647686782,
    "end": 1590647686783,
    "duration": 1,
    "pid": 10480,
    "index": 17
  },
  {
    "name": "Require(15) node_modules/egg-cors/config/config.default.js",
    "start": 1590647686783,
    "end": 1590647686783,
    "duration": 0,
    "pid": 10480,
    "index": 18
  },
  {
    "name": "Require(16) node_modules/egg/config/config.default.js",
    "start": 1590647686783,
    "end": 1590647686784,
    "duration": 1,
    "pid": 10480,
    "index": 19
  },
  {
    "name": "Require(17) config/config.default.js",
    "start": 1590647686785,
    "end": 1590647686785,
    "duration": 0,
    "pid": 10480,
    "index": 20
  },
  {
    "name": "Require(18) node_modules/egg-security/config/config.local.js",
    "start": 1590647686786,
    "end": 1590647686786,
    "duration": 0,
    "pid": 10480,
    "index": 21
  },
  {
    "name": "Require(19) node_modules/egg-watcher/config/config.local.js",
    "start": 1590647686786,
    "end": 1590647686787,
    "duration": 1,
    "pid": 10480,
    "index": 22
  },
  {
    "name": "Require(20) node_modules/egg-view/config/config.local.js",
    "start": 1590647686787,
    "end": 1590647686788,
    "duration": 1,
    "pid": 10480,
    "index": 23
  },
  {
    "name": "Require(21) node_modules/egg-view-nunjucks/config/config.local.js",
    "start": 1590647686788,
    "end": 1590647686788,
    "duration": 0,
    "pid": 10480,
    "index": 24
  },
  {
    "name": "Require(22) node_modules/egg/config/config.local.js",
    "start": 1590647686788,
    "end": 1590647686789,
    "duration": 1,
    "pid": 10480,
    "index": 25
  },
  {
    "name": "Load extend/application.js",
    "start": 1590647686790,
    "end": 1590647686842,
    "duration": 52,
    "pid": 10480,
    "index": 26
  },
  {
    "name": "Require(23) node_modules/egg-session/app/extend/application.js",
    "start": 1590647686791,
    "end": 1590647686791,
    "duration": 0,
    "pid": 10480,
    "index": 27
  },
  {
    "name": "Require(24) node_modules/egg-security/app/extend/application.js",
    "start": 1590647686791,
    "end": 1590647686792,
    "duration": 1,
    "pid": 10480,
    "index": 28
  },
  {
    "name": "Require(25) node_modules/egg-jsonp/app/extend/application.js",
    "start": 1590647686792,
    "end": 1590647686793,
    "duration": 1,
    "pid": 10480,
    "index": 29
  },
  {
    "name": "Require(26) node_modules/egg-logrotator/app/extend/application.js",
    "start": 1590647686794,
    "end": 1590647686799,
    "duration": 5,
    "pid": 10480,
    "index": 30
  },
  {
    "name": "Require(27) node_modules/egg-view/app/extend/application.js",
    "start": 1590647686799,
    "end": 1590647686800,
    "duration": 1,
    "pid": 10480,
    "index": 31
  },
  {
    "name": "Require(28) node_modules/egg-view-nunjucks/app/extend/application.js",
    "start": 1590647686801,
    "end": 1590647686839,
    "duration": 38,
    "pid": 10480,
    "index": 32
  },
  {
    "name": "Load extend/request.js",
    "start": 1590647686842,
    "end": 1590647686848,
    "duration": 6,
    "pid": 10480,
    "index": 33
  },
  {
    "name": "Require(29) node_modules/egg/app/extend/request.js",
    "start": 1590647686844,
    "end": 1590647686845,
    "duration": 1,
    "pid": 10480,
    "index": 34
  },
  {
    "name": "Load extend/response.js",
    "start": 1590647686848,
    "end": 1590647686853,
    "duration": 5,
    "pid": 10480,
    "index": 35
  },
  {
    "name": "Require(30) node_modules/egg/app/extend/response.js",
    "start": 1590647686850,
    "end": 1590647686850,
    "duration": 0,
    "pid": 10480,
    "index": 36
  },
  {
    "name": "Load extend/context.js",
    "start": 1590647686853,
    "end": 1590647686926,
    "duration": 73,
    "pid": 10480,
    "index": 37
  },
  {
    "name": "Require(31) node_modules/egg-security/app/extend/context.js",
    "start": 1590647686853,
    "end": 1590647686866,
    "duration": 13,
    "pid": 10480,
    "index": 38
  },
  {
    "name": "Require(32) node_modules/egg-jsonp/app/extend/context.js",
    "start": 1590647686866,
    "end": 1590647686867,
    "duration": 1,
    "pid": 10480,
    "index": 39
  },
  {
    "name": "Require(33) node_modules/egg-i18n/app/extend/context.js",
    "start": 1590647686867,
    "end": 1590647686868,
    "duration": 1,
    "pid": 10480,
    "index": 40
  },
  {
    "name": "Require(34) node_modules/egg-multipart/app/extend/context.js",
    "start": 1590647686868,
    "end": 1590647686920,
    "duration": 52,
    "pid": 10480,
    "index": 41
  },
  {
    "name": "Require(35) node_modules/egg-view/app/extend/context.js",
    "start": 1590647686921,
    "end": 1590647686922,
    "duration": 1,
    "pid": 10480,
    "index": 42
  },
  {
    "name": "Require(36) node_modules/egg/app/extend/context.js",
    "start": 1590647686923,
    "end": 1590647686924,
    "duration": 1,
    "pid": 10480,
    "index": 43
  },
  {
    "name": "Require(37) app/extend/context.js",
    "start": 1590647686924,
    "end": 1590647686924,
    "duration": 0,
    "pid": 10480,
    "index": 44
  },
  {
    "name": "Load extend/helper.js",
    "start": 1590647686927,
    "end": 1590647686948,
    "duration": 21,
    "pid": 10480,
    "index": 45
  },
  {
    "name": "Require(38) node_modules/egg-security/app/extend/helper.js",
    "start": 1590647686927,
    "end": 1590647686941,
    "duration": 14,
    "pid": 10480,
    "index": 46
  },
  {
    "name": "Require(39) node_modules/egg/app/extend/helper.js",
    "start": 1590647686946,
    "end": 1590647686946,
    "duration": 0,
    "pid": 10480,
    "index": 47
  },
  {
    "name": "Load app.js",
    "start": 1590647686948,
    "end": 1590647686992,
    "duration": 44,
    "pid": 10480,
    "index": 48
  },
  {
    "name": "Require(40) node_modules/egg-session/app.js",
    "start": 1590647686949,
    "end": 1590647686949,
    "duration": 0,
    "pid": 10480,
    "index": 49
  },
  {
    "name": "Require(41) node_modules/egg-security/app.js",
    "start": 1590647686949,
    "end": 1590647686950,
    "duration": 1,
    "pid": 10480,
    "index": 50
  },
  {
    "name": "Require(42) node_modules/egg-onerror/app.js",
    "start": 1590647686951,
    "end": 1590647686958,
    "duration": 7,
    "pid": 10480,
    "index": 51
  },
  {
    "name": "Require(43) node_modules/egg-i18n/app.js",
    "start": 1590647686958,
    "end": 1590647686965,
    "duration": 7,
    "pid": 10480,
    "index": 52
  },
  {
    "name": "Require(44) node_modules/egg-watcher/app.js",
    "start": 1590647686965,
    "end": 1590647686968,
    "duration": 3,
    "pid": 10480,
    "index": 53
  },
  {
    "name": "Require(45) node_modules/egg-schedule/app.js",
    "start": 1590647686969,
    "end": 1590647686970,
    "duration": 1,
    "pid": 10480,
    "index": 54
  },
  {
    "name": "Require(46) node_modules/egg-multipart/app.js",
    "start": 1590647686970,
    "end": 1590647686972,
    "duration": 2,
    "pid": 10480,
    "index": 55
  },
  {
    "name": "Require(47) node_modules/egg-development/app.js",
    "start": 1590647686972,
    "end": 1590647686972,
    "duration": 0,
    "pid": 10480,
    "index": 56
  },
  {
    "name": "Require(48) node_modules/egg-logrotator/app.js",
    "start": 1590647686973,
    "end": 1590647686973,
    "duration": 0,
    "pid": 10480,
    "index": 57
  },
  {
    "name": "Require(49) node_modules/egg-static/app.js",
    "start": 1590647686973,
    "end": 1590647686973,
    "duration": 0,
    "pid": 10480,
    "index": 58
  },
  {
    "name": "Require(50) node_modules/egg-view-nunjucks/app.js",
    "start": 1590647686974,
    "end": 1590647686974,
    "duration": 0,
    "pid": 10480,
    "index": 59
  },
  {
    "name": "Require(51) node_modules/egg-mysql/app.js",
    "start": 1590647686974,
    "end": 1590647686991,
    "duration": 17,
    "pid": 10480,
    "index": 60
  },
  {
    "name": "Require(52) node_modules/egg-cors/app.js",
    "start": 1590647686991,
    "end": 1590647686991,
    "duration": 0,
    "pid": 10480,
    "index": 61
  },
  {
    "name": "Before Start in node_modules/egg-watcher/lib/init.js:15:14",
    "start": 1590647687008,
    "end": 1590647687207,
    "duration": 199,
    "pid": 10480,
    "index": 62
  },
  {
    "name": "Before Start in node_modules/egg-mysql/lib/mysql.js:20:7",
    "start": 1590647687104,
    "end": 1590647687321,
    "duration": 217,
    "pid": 10480,
    "index": 63
  },
  {
    "name": "Load Service",
    "start": 1590647687104,
    "end": 1590647687111,
    "duration": 7,
    "pid": 10480,
    "index": 64
  },
  {
    "name": "Load \"service\" to Context",
    "start": 1590647687104,
    "end": 1590647687111,
    "duration": 7,
    "pid": 10480,
    "index": 65
  },
  {
    "name": "Load Middleware",
    "start": 1590647687111,
    "end": 1590647687171,
    "duration": 60,
    "pid": 10480,
    "index": 66
  },
  {
    "name": "Load \"middlewares\" to Application",
    "start": 1590647687111,
    "end": 1590647687163,
    "duration": 52,
    "pid": 10480,
    "index": 67
  },
  {
    "name": "Load Controller",
    "start": 1590647687171,
    "end": 1590647687179,
    "duration": 8,
    "pid": 10480,
    "index": 68
  },
  {
    "name": "Load \"controller\" to Application",
    "start": 1590647687171,
    "end": 1590647687179,
    "duration": 8,
    "pid": 10480,
    "index": 69
  },
  {
    "name": "Load Router",
    "start": 1590647687179,
    "end": 1590647687182,
    "duration": 3,
    "pid": 10480,
    "index": 70
  },
  {
    "name": "Require(53) app/router.js",
    "start": 1590647687179,
    "end": 1590647687180,
    "duration": 1,
    "pid": 10480,
    "index": 71
  },
  {
    "name": "Before Start in node_modules/egg-core/lib/egg.js:303:10",
    "start": 1590647687180,
    "end": 1590647687198,
    "duration": 18,
    "pid": 10480,
    "index": 72
  }
]